LEAID,grad_rate
100005,88.625
100006,85.75
100007,93.05263157894737
100008,95.75
100013,95.4
100030,82.66666666666667
100090,61.5
100100,92.33333333333333
100120,90.14285714285714
100180,72.0
100185,92.6
100190,96.83333333333333
100194,94.25
100210,92.15384615384616
100240,84.77777777777777
100270,76.67647058823529
100330,57.75
100360,82.25
100390,69.33333333333333
100420,87.16666666666667
100510,77.375
100540,85.6086956521739
100600,81.5
100630,84.75
100660,79.5909090909091
100720,83.875
100780,94.2
100840,77.0
100930,87.42857142857143
100990,93.25
101020,83.3913043478261
101050,86.66666666666667
101110,82.75
101140,85.30434782608695
101170,77.57894736842105
101200,88.0
101230,83.0
101290,80.30434782608695
101320,92.625
101350,80.75
101380,87.6470588235294
101410,76.8
101440,57.0
101530,89.57142857142857
101560,95.0
101590,87.0
101620,75.11111111111111
101660,80.0
101710,80.14285714285714
101730,92.25
101740,79.5
101760,93.125
101770,90.6875
101800,80.35483870967742
101830,88.5625
101890,90.0
101920,83.72222222222223
102010,90.17647058823529
102040,87.875
102070,83.26086956521739
102100,89.25
102190,84.66666666666667
102220,84.54838709677419
102310,80.0
102370,74.27777777777777
102400,83.625
102430,71.17391304347827
102480,86.375
102490,97.57142857142857
102520,95.28571428571429
102580,89.0
102635,92.0
102640,77.5
102650,85.42857142857143
102700,75.6
102730,88.42857142857143
102880,73.75
102940,75.5
102970,80.375
103030,90.08695652173913
103062,82.22222222222223
103090,76.5
103120,72.0
103150,62.0
103180,87.0
103210,85.25
103360,77.95652173913044
103390,77.6774193548387
103430,96.64285714285714
103450,83.04347826086956
103480,88.375
103510,72.0
103580,86.2
200001,47.375
200130,75.375
200150,77.66666666666667
200180,70.01639344262296
200210,78.875
200390,80.88235294117646
200480,82.25
200510,74.33333333333333
200540,28.0
200600,76.125
200862,55.0
400001,93.5625
400003,75.0
400082,76.15384615384616
400083,26.333333333333332
400103,19.333333333333332
400107,42.125
400108,55.0
400112,86.33333333333333
400157,29.75
400219,24.9
400261,16.666666666666668
400273,21.666666666666668
400295,74.625
400303,46.0
400311,43.875
400324,6.5
400329,35.458333333333336
400353,31.5
400354,30.5
400355,25.666666666666668
400432,32.88235294117647
400450,86.33333333333333
400621,18.285714285714285
400636,19.5
400680,82.25925925925925
400790,79.125
400816,24.4
401410,88.09375
401460,87.55555555555556
401740,75.6086956521739
401760,94.375
401870,90.29411764705883
401940,61.875
402320,71.28571428571429
402530,84.33333333333333
402690,87.3225806451613
402860,85.5
402920,81.9375
403010,86.625
403400,87.27586206896552
403450,85.97142857142858
403780,91.1875
403870,86.55555555555556
403990,85.33333333333333
404060,70.0
404280,83.66666666666667
404630,84.95833333333333
404720,74.125
404970,71.325
405070,79.42857142857143
405530,87.84210526315789
405820,74.8
405930,84.5625
406070,76.4
406250,92.51515151515152
406330,75.82608695652173
406580,77.0
406730,83.875
406810,92.33333333333333
407240,77.125
407300,85.0
407520,88.4
407570,85.5625
407700,82.5
407750,91.25
408170,74.63636363636364
408340,84.02857142857142
408520,85.0
408680,63.0
408800,78.74358974358974
408850,91.0
409160,47.0
409190,79.0
409430,67.0
409630,84.51612903225806
500015,84.77777777777777
500017,88.0
500019,89.4
500026,71.76923076923077
500043,85.5
500044,91.25
500419,85.0
502250,90.625
502880,83.28571428571429
502960,92.25
503060,89.0
503320,76.4
503690,88.41176470588235
503750,86.72222222222223
504590,87.0
505680,85.25
506120,87.11111111111111
506270,75.83333333333333
506330,79.60714285714286
506900,95.0
506990,94.5
507380,85.0
507680,65.0
507840,82.0
507890,68.375
508040,77.04347826086956
508280,86.9
508610,84.9
508670,89.57142857142857
509000,77.26666666666667
509390,86.625
510440,91.83333333333333
510680,72.95833333333333
511850,72.125
511970,87.0
512060,85.66666666666667
512210,86.125
512450,90.0
512660,83.48717948717949
513080,93.57142857142857
513110,79.5
513380,95.0
513410,86.5
513530,94.57142857142857
513930,87.0
514140,88.125
514430,88.0
600002,75.16666666666667
600003,75.16666666666667
600007,80.33333333333333
600013,94.75
600014,86.08333333333333
600015,15.0
600016,93.11111111111111
600017,83.125
600019,94.375
600020,96.4
600022,72.0
600025,95.35714285714286
600027,88.4375
600028,91.11764705882354
600029,93.125
600032,92.4
600033,95.0
600034,88.625
600035,86.5
600036,88.42857142857143
600039,95.0
600044,88.0
600046,94.0
600047,87.29268292682927
600048,88.57142857142857
600052,89.75
600060,80.0
600061,83.0
600062,90.0909090909091
600064,83.33333333333333
600065,92.83333333333333
600069,94.875
600153,91.875
600158,90.75757575757575
600160,88.0
601332,76.75
601409,82.0
601410,96.5
601414,85.52777777777777
601415,78.44444444444444
601418,88.0
601421,91.8
601423,84.8
601620,91.3030303030303
601650,97.4375
601770,87.25
601860,91.125
602430,82.15625
602450,88.77777777777777
602630,81.14035087719299
602670,91.625
602700,83.7
602820,74.05357142857143
602850,76.54054054054055
602970,97.8
603030,91.8
603300,94.33333333333333
603600,90.16666666666667
603690,91.44
603840,76.36363636363636
604020,73.1875
604110,91.0
604230,89.5
604290,87.47619047619048
604440,89.08333333333333
604620,95.5
604740,84.5909090909091
604830,94.53846153846153
605610,93.15384615384616
605820,92.0
605880,96.0
605940,95.0
606450,91.25
606780,88.5
606870,91.625
606900,79.21875
607230,85.27272727272727
607440,92.74
607500,94.25
607530,96.2
607560,92.0
607800,95.375
607900,86.875
607920,72.78125
607970,79.20833333333333
608010,85.37037037037037
608130,86.20833333333333
608160,84.35384615384615
608190,94.3076923076923
608370,86.04166666666667
608460,86.88235294117646
608550,86.8
608760,94.7
609030,92.6
609070,78.0625
609120,75.625
609390,79.3
609620,65.66666666666667
609640,94.46875
609690,69.5
609810,86.875
609850,89.34920634920636
609870,96.125
609940,83.0
610050,94.875
610260,91.0
610350,83.8
610620,95.125
610770,82.25
610860,91.64516129032258
611040,72.33333333333333
611110,84.875
611280,80.625
611460,91.82758620689656
611520,91.5
611820,76.89285714285714
612070,91.91666666666667
612120,84.175
612180,89.0
612210,96.14285714285714
612330,84.33333333333333
612840,93.25
612910,80.825
613230,80.33333333333333
613360,82.74074074074075
613530,79.45833333333333
613800,87.375
613890,89.91666666666667
613920,81.76190476190476
614190,88.5
614400,88.02380952380952
614430,89.43589743589743
614550,75.984375
614760,88.49056603773585
614820,87.6470588235294
614880,87.41071428571429
614950,85.0
615180,83.58333333333333
615240,87.5625
615270,97.14285714285714
616230,72.64150943396227
616325,82.89655172413794
616500,86.1923076923077
616740,73.77777777777777
616920,81.93939393939394
618060,86.44642857142857
618210,95.125
618390,78.75862068965517
618930,89.0
619260,83.25
619490,89.58333333333333
619540,81.43939393939394
619650,82.45833333333333
619700,86.95833333333333
619830,92.0
620070,68.2
620130,97.33333333333333
620370,96.75
620640,87.0
621000,93.875
621060,89.0
621400,89.08333333333333
621600,86.5
621690,88.77777777777777
621810,91.33333333333333
621870,81.55555555555556
622110,91.0
622230,80.85416666666667
622410,84.41666666666667
622500,77.76923076923077
622590,97.13333333333334
622710,65.75
622740,91.41666666666667
622800,96.875
623080,89.93548387096774
623160,73.53333333333333
623340,84.39285714285714
623610,91.48484848484848
624030,89.0
624090,79.77777777777777
624230,84.16666666666667
624500,93.16666666666667
624660,89.04545454545455
625150,77.92156862745098
625230,76.0
625320,87.46666666666667
625470,80.36363636363636
625530,87.125
625690,92.75
625800,77.78260869565217
625830,84.53846153846153
625860,82.57142857142857
626100,64.0
626310,95.125
626370,79.18
626640,86.90625
626880,87.73913043478261
626910,81.4375
627030,55.0
627060,88.16666666666667
627200,93.8
627240,90.89473684210526
627590,82.2
627690,91.5
627720,93.5
627850,96.41666666666667
628050,60.660714285714285
628250,85.4375
628270,89.2
628650,91.78571428571429
629130,85.16666666666667
629270,76.63265306122449
629490,84.3225806451613
629550,84.94285714285714
629610,95.38095238095238
629640,80.0
629700,98.0
629820,86.11111111111111
629850,80.7741935483871
629910,86.28571428571429
629940,80.70833333333333
630030,85.47058823529412
630210,84.475
630250,89.34782608695652
630330,98.0
630600,78.875
630660,92.24324324324324
630750,91.33333333333333
631320,78.75
631530,93.41463414634147
631710,90.08333333333333
632010,83.9375
632070,88.84848484848484
632370,80.05714285714286
632550,77.0625
632610,83.5
632880,94.0
633150,82.15384615384616
633630,89.6
633750,84.89189189189189
633840,77.39682539682539
633860,91.87878787878788
633980,77.25
634140,87.66666666666667
634170,75.90566037735849
634320,81.73529411764706
634380,95.66666666666667
634410,77.09836065573771
634425,84.94444444444444
634440,83.875
634590,83.9375
634620,76.67857142857143
634680,85.85
634710,84.88888888888889
634740,91.0
634800,96.125
634860,96.66666666666667
634880,94.625
634980,89.88372093023256
635110,80.21428571428571
635130,97.44444444444444
635250,93.70833333333333
635310,82.1219512195122
635370,84.6
635430,81.87878787878788
635600,89.51851851851852
635670,82.97142857142858
635700,90.0
635760,85.0
635830,77.675
635850,95.625
636270,89.33333333333333
636390,74.0
636600,90.45833333333333
636800,91.0
636840,81.25
636970,85.7
636972,76.6969696969697
637050,87.3125
637200,88.125
637260,90.875
637500,95.375
637530,88.5
637620,78.0
638010,75.45238095238095
638640,80.84745762711864
638730,94.875
638770,90.875
638790,96.625
638880,82.5
638980,96.10526315789474
639000,97.25
639420,93.5813953488372
639630,96.0
639930,86.07407407407408
640150,95.56756756756756
640300,84.16666666666667
640590,83.06896551724138
640740,64.38461538461539
640980,88.46875
641160,90.0
641190,80.47368421052632
641280,97.32
641430,86.45454545454545
641580,86.8125
641640,68.0
642000,93.0
642140,88.25
642480,84.18181818181819
642510,90.83928571428571
643080,87.08333333333333
643470,84.03571428571429
643560,88.26923076923077
684500,94.63636363636364
691007,10.0
691011,19.0
691012,25.555555555555557
691017,43.0
691020,44.6
691021,45.0
691024,27.466666666666665
691026,18.428571428571427
691027,19.0
691029,15.5
691030,17.272727272727273
691031,22.428571428571427
691032,78.0
691035,18.5
691036,52.0
691041,21.6
691045,41.0
691051,35.5
691052,13.0
691078,32.333333333333336
691135,89.9
800020,39.285714285714285
800282,34.333333333333336
801920,88.7
801950,64.08333333333333
802340,57.61224489795919
802490,85.1875
802580,75.35483870967742
802790,75.57142857142857
802910,83.06896551724138
802940,95.125
803060,64.875
803090,59.4
803330,84.33333333333333
803360,58.63157894736842
803450,79.525
803480,77.44444444444444
803540,76.625
803720,88.33333333333333
803780,49.875
803870,61.25925925925926
803990,76.0
804050,71.875
804080,83.375
804260,82.25
804350,74.90322580645162
804410,76.08333333333333
804530,78.125
804800,71.83673469387755
804830,87.0
804860,22.714285714285715
805250,81.5
805310,90.6875
805370,78.36363636363636
805400,74.29166666666667
805550,53.0
805790,78.46153846153847
805820,94.4375
806120,70.51612903225806
806150,83.44444444444444
806240,77.375
806480,78.5909090909091
806690,75.0
806810,90.33333333333333
806900,72.125
807230,60.53846153846154
807350,90.22222222222223
807380,81.0
900002,95.97222222222223
900003,2.3333333333333335
900005,89.375
900060,75.5
900120,96.375
900210,94.625
900270,93.75
900420,92.625
900450,67.34375
900510,82.89473684210526
900540,96.125
900700,88.88888888888889
900750,95.66666666666667
900840,93.625
901020,76.58333333333333
901050,96.76923076923077
901260,81.6875
901290,77.75
901320,94.625
901440,94.66666666666667
901470,85.93333333333334
901530,94.75
901560,95.625
901620,96.75
901680,95.0
901710,95.5625
901770,84.125
901800,95.14285714285714
901860,86.5
901920,66.06060606060606
902070,79.6
902160,91.57142857142857
902280,97.28571428571429
902310,79.125
902400,69.3
902490,84.25
902520,89.9375
902550,96.57142857142857
902580,86.0
902640,83.5
902670,62.125
902700,97.71428571428571
902730,96.16666666666667
902790,72.15625
902820,70.75
902850,88.84615384615384
902880,90.55555555555556
902910,95.25
903030,91.0
903090,87.18181818181819
903270,85.33333333333333
903300,90.25
903520,95.66666666666667
903536,95.0
903537,94.0
903660,95.21428571428571
903720,93.0
903750,91.875
903780,95.875
903810,96.66666666666667
903840,92.0
904050,91.64285714285714
904110,95.2
904170,93.8
904230,93.0
904320,86.40625
904380,94.0
904440,89.81818181818181
904470,94.0
904560,93.875
904590,80.625
904620,97.46666666666667
904680,80.125
904740,91.875
904830,68.67647058823529
904860,91.85714285714286
904890,90.75
904920,94.1875
904950,74.22222222222223
905010,98.0
905040,97.77777777777777
905070,91.75
905130,97.125
905190,61.0
905220,85.625
905280,93.8
905371,84.94444444444444
905373,95.16666666666667
1000004,97.0
1000080,91.875
1000170,85.0
1000180,83.3076923076923
1000190,78.625
1000200,67.43333333333334
1000230,76.28571428571429
1000680,86.57894736842105
1000750,95.375
1000790,80.57142857142857
1001080,83.42857142857143
1001240,83.91666666666667
1001280,90.61290322580645
1001300,84.4090909090909
1001530,73.0
1001620,83.75
1001680,96.42857142857143
1100005,67.0
1100008,87.88888888888889
1100030,57.130434782608695
1200002,71.88888888888889
1200030,67.57894736842105
1200060,74.9
1200090,70.38461538461539
1200120,71.8
1200150,79.9423076923077
1200180,74.69117647058823
1200240,76.41666666666667
1200270,76.375
1200300,77.0952380952381
1200330,77.51923076923077
1200360,68.04166666666667
1200390,75.953125
1200420,62.875
1200480,71.27272727272727
1200510,61.205128205128204
1200540,78.04347826086956
1200600,59.333333333333336
1200630,87.0
1200750,67.25
1200780,74.6875
1200810,77.24
1200840,65.16666666666667
1200870,72.1029411764706
1200900,75.0
1200930,81.58333333333333
1200960,71.3076923076923
1201050,72.02083333333333
1201080,66.10714285714286
1201110,77.06060606060606
1201140,74.2
1201200,57.0
1201230,69.41666666666667
1201260,71.85416666666667
1201290,83.48148148148148
1201320,78.375
1201350,89.1
1201380,80.29166666666667
1201410,67.27272727272727
1201440,75.48484848484848
1201470,75.84210526315789
1201500,75.16176470588235
1201530,72.95454545454545
1201560,70.93103448275862
1201590,62.964285714285715
1201620,63.208333333333336
1201650,78.45833333333333
1201680,73.27906976744185
1201710,78.625
1201740,84.875
1201770,74.31914893617021
1201800,81.38888888888889
1201830,71.2
1201860,55.5
1201920,63.916666666666664
1201950,80.7
1201980,77.75
1202010,72.625
1300001,71.3125
1300023,20.0
1300026,7.0
1300060,80.375
1300120,57.515151515151516
1300210,77.0
1300214,17.333333333333332
1300227,35.4
1300231,9.714285714285714
1300232,49.53846153846154
1300235,9.5
1300240,88.25
1300246,8.0
1300290,75.625
1300330,73.0
1300360,76.25
1300390,73.5
1300420,64.24137931034483
1300440,72.0
1300480,73.75
1300540,60.0
1300570,82.3125
1300600,90.42857142857143
1300630,78.0
1300660,80.5
1300690,77.375
1300720,93.5
1300780,85.11764705882354
1300840,79.91666666666667
1300870,86.75
1300900,82.75
1300930,81.72727272727273
1301020,71.75757575757575
1301080,74.85714285714286
1301110,74.05555555555556
1301170,72.75
1301230,53.875
1301290,69.0625
1301350,75.84615384615384
1301380,78.75
1301410,81.6875
1301470,81.875
1301500,78.09375
1301560,75.33333333333333
1301590,70.0
1301620,77.52941176470588
1301650,87.25
1301680,94.8
1301710,79.38461538461539
1301740,58.17460317460318
1301770,79.5
1301830,69.73913043478261
1301860,79.6875
1301870,56.666666666666664
1301890,79.9090909090909
1301980,83.88235294117646
1302010,74.4
1302040,75.9
1302100,86.33333333333333
1302130,84.3125
1302190,83.0
1302220,86.60714285714286
1302250,85.0
1302280,74.37931034482759
1302310,76.57142857142857
1302340,85.375
1302400,78.74074074074075
1302430,87.4375
1302460,82.4
1302520,68.37037037037037
1302550,67.95833333333333
1302580,82.38461538461539
1302610,78.19354838709677
1302670,72.11111111111111
1302700,88.18181818181819
1302730,87.16666666666667
1302820,75.1219512195122
1302880,78.84375
1302940,85.0625
1303000,88.5
1303030,92.8
1303060,78.5
1303150,77.88888888888889
1303210,67.0
1303270,80.85714285714286
1303300,77.25
1303360,88.0
1303390,80.82352941176471
1303420,85.0
1303480,82.4
1303510,67.33333333333333
1303570,76.375
1303630,78.6
1303720,84.25
1303750,34.5
1303780,87.75
1303840,79.65217391304348
1303870,75.70588235294117
1303930,78.83333333333333
1303960,93.6875
1304020,77.9375
1304050,74.375
1304110,89.5
1304140,88.5
1304170,85.5
1304200,75.05263157894737
1304260,63.0
1304380,67.09375
1304410,77.22222222222223
1304440,87.5
1304500,82.0
1304560,87.25
1304620,71.5
1304770,70.5
1304890,82.27272727272727
1304950,69.33333333333333
1304980,79.92307692307692
1305040,74.66666666666667
1305250,98.0
1305280,79.36363636363636
1305310,68.73913043478261
1305340,67.0
1305370,77.04166666666667
1305390,77.41666666666667
1305430,85.33333333333333
1305490,84.14285714285714
1305550,75.44444444444444
1305670,91.4
1305700,72.61290322580645
1305850,74.875
1500030,74.0327868852459
1600002,88.33333333333333
1600004,31.444444444444443
1600005,21.0
1600144,17.666666666666668
1600149,28.4
1600270,72.6
1600300,88.66666666666667
1600360,79.33333333333333
1600510,75.8
1600600,82.26666666666667
1600660,87.2
1600780,86.0
1600930,74.53333333333333
1600960,84.33333333333333
1601020,78.0
1601530,70.13333333333334
1601570,86.33333333333333
1601590,79.6
1601770,84.6
1601800,89.57142857142857
1601860,83.5
1601920,90.6
1602100,80.5
1602130,81.8
1602190,72.42857142857143
1602220,86.5
1602250,82.2
1602340,77.8
1602640,88.33333333333333
1602670,81.2
1603240,74.66666666666667
1700110,60.8
1703600,83.42857142857143
1703870,94.125
1704020,85.7
1704170,87.15
1704680,64.33333333333333
1704710,75.79310344827586
1704920,90.27272727272727
1705050,96.125
1705220,93.76470588235294
1705640,86.41935483870968
1705790,83.22222222222223
1706120,83.5
1706420,70.3913043478261
1706480,81.125
1706540,79.825
1706960,89.1875
1707050,82.66666666666667
1707830,94.42857142857143
1708040,71.75
1708280,88.0
1708370,89.125
1708400,90.91666666666667
1708550,86.33333333333333
1709300,75.875
1709420,82.0
1709600,85.6
1709930,75.40579710144928
1710650,82.875
1711250,83.0
1711370,95.88235294117646
1711790,72.5
1711850,69.33333333333333
1712000,82.77777777777777
1712330,79.0
1712570,92.52631578947368
1712700,92.88888888888889
1713230,84.625
1713320,70.25
1713530,93.55555555555556
1713560,86.33333333333333
1713710,79.2051282051282
1713940,87.09375
1713970,95.23529411764706
1714100,87.5
1714490,88.9090909090909
1714580,88.0
1715030,88.0
1715900,78.375
1716080,84.66666666666667
1716350,95.0
1716380,97.125
1716830,87.3157894736842
1717280,75.1875
1717340,90.0909090909091
1717550,94.58823529411765
1718240,78.8125
1718810,72.0
1718990,87.625
1719080,95.05882352941177
1719320,94.29411764705883
1719560,94.5625
1719620,92.05882352941177
1719830,91.58823529411765
1719970,83.0
1720280,80.25
1720430,87.0
1720490,91.0
1720610,75.675
1720760,71.125
1721780,95.16666666666667
1721840,93.05882352941177
1721900,96.78571428571429
1722110,84.875
1722500,95.4
1722740,83.73076923076923
1722830,96.05882352941177
1722950,79.57142857142857
1723050,76.85714285714286
1723070,95.5625
1723350,89.875
1723880,93.17647058823529
1724060,92.25
1724090,87.15625
1724480,95.55555555555556
1724570,93.66666666666667
1724600,83.125
1724940,84.25
1725050,90.85714285714286
1725320,92.11764705882354
1725770,91.375
1726340,90.58823529411765
1726400,89.625
1726640,88.57142857142857
1726800,92.25
1726880,72.8
1727360,82.625
1727390,89.0
1727570,89.27272727272727
1727710,96.9375
1728200,97.5
1728530,92.21875
1728620,89.29411764705883
1729010,96.9375
1729220,90.35714285714286
1729280,94.52941176470588
1729790,91.3529411764706
1730270,95.42105263157895
1730330,82.75
1730450,90.17391304347827
1731110,80.0625
1731230,67.46153846153847
1731740,91.1470588235294
1732220,76.0
1732580,95.11764705882354
1732910,73.18181818181819
1733000,88.5
1733240,84.66666666666667
1733270,85.88888888888889
1733420,85.29166666666667
1733510,96.0
1733720,90.875
1734020,94.0
1734290,90.125
1734380,80.0
1734410,80.22222222222223
1734510,64.825
1734990,80.55
1735190,83.0
1735370,88.0
1737080,70.71875
1737170,94.82352941176471
1737350,93.25
1738100,79.125
1738460,92.25
1738700,85.0
1738940,91.66666666666667
1738970,75.34782608695652
1739870,91.0
1739960,85.125
1740070,84.1
1740440,96.0
1740800,93.88888888888889
1740980,89.81818181818181
1741070,91.14285714285714
1741190,89.66666666666667
1741250,72.56521739130434
1741690,95.4
1742180,93.82352941176471
1742310,83.375
1743330,93.15384615384616
1743890,78.88235294117646
1743960,89.0
1800030,95.1875
1800081,22.625
1800093,15.285714285714286
1800098,43.27272727272727
1800106,10.4
1800116,9.0
1800134,21.0
1800135,16.5
1800138,10.0
1800142,20.5
1800150,81.4
1800159,13.0
1800169,6.0
1800186,2.0
1800240,88.16666666666667
1800270,96.8125
1800360,87.0
1800450,90.0
1800630,92.1875
1800840,90.66666666666667
1801020,97.0
1801200,96.8125
1801440,92.9375
1801590,90.6
1801890,92.1875
1802280,94.125
1802400,87.875
1802490,96.375
1802550,94.66666666666667
1802640,84.6875
1802660,92.0
1802800,93.0625
1802830,97.1875
1802850,89.52941176470588
1802880,71.125
1802970,89.66666666666667
1803270,85.41666666666667
1803450,79.45833333333333
1803510,89.75
1803630,84.10810810810811
1803660,86.5
1803690,91.1875
1803700,87.25
1803750,95.125
1803870,72.70588235294117
1803930,84.375
1803940,90.35
1803960,94.375
1804050,88.1875
1804110,92.125
1804170,86.4
1804320,78.53846153846153
1804560,93.375
1804590,92.375
1804710,89.6875
1804770,69.48148148148148
1804980,92.75
1805190,88.0
1805280,89.875
1805370,82.07692307692308
1805400,82.9090909090909
1805450,94.125
1805550,88.14285714285714
1805580,87.73333333333333
1805670,88.6875
1805790,93.875
1806030,91.0
1806120,86.75
1806390,93.125
1806510,88.5625
1806570,84.875
1806600,91.1
1806840,87.33333333333333
1807140,92.6923076923077
1807260,93.75
1807290,82.0
1807320,88.0
1807350,96.25
1807410,92.0625
1807440,91.75
1807560,94.66666666666667
1807650,94.9375
1807680,91.5
1807860,86.125
1808220,92.4
1808250,96.42857142857143
1808760,95.4375
1808820,91.33333333333333
1808910,92.4090909090909
1808970,94.46153846153847
1809060,88.875
1809150,90.76470588235294
1809370,92.6
1809480,89.33333333333333
1809510,89.875
1809690,88.2
1809750,97.0
1810020,75.0
1810080,93.5
1810140,92.5
1810290,78.09375
1810360,93.375
1810440,91.54545454545455
1810650,95.6875
1810710,94.75
1811100,83.85714285714286
1811190,93.92857142857143
1811340,91.5625
1811460,95.42857142857143
1811580,86.0
1811970,92.8125
1812090,88.20833333333333
1812120,79.5
1812180,83.33333333333333
1812240,89.5
1812360,86.85185185185185
1812390,89.875
1812420,91.625
1812720,85.23333333333333
1812810,79.21875
1812880,95.0
1813080,95.85714285714286
1903540,93.125
1903690,94.6875
1904860,93.75
1905790,74.75
1906510,96.0
1906540,79.45833333333333
1907710,84.625
1907860,91.8
1908220,84.08333333333333
1908580,79.75
1908970,75.34693877551021
1909480,89.47058823529412
1911820,82.375
1914640,96.0
1914700,90.47368421052632
1915450,96.25
1916680,91.125
1917220,91.9375
1918720,84.75
1918780,88.625
1920130,82.0
1920610,92.42857142857143
1920940,90.125
1921240,96.5
1922110,85.75
1923110,96.33333333333333
1926400,85.32
1926820,96.86666666666666
1928680,96.5
1930480,77.16666666666667
1930510,98.0
1930930,93.3125
1931350,97.375
2000015,72.0
2003200,92.26666666666667
2003360,87.6875
2003450,80.66666666666667
2003780,85.33333333333333
2004050,81.0
2005460,87.5
2005490,96.4375
2005580,86.8695652173913
2005940,83.375
2006390,77.34782608695652
2006420,94.3
2006540,91.0
2006660,81.375
2007020,87.4
2007050,89.16666666666667
2007620,83.0
2007890,78.875
2007950,68.78378378378379
2008340,94.125
2008400,80.82608695652173
2008430,87.5
2008730,87.25
2009140,93.875
2009180,80.375
2009390,92.0
2009960,84.75
2010140,88.52
2010710,82.57142857142857
2011370,83.45833333333333
2011490,92.375
2011640,87.11111111111111
2011850,52.8125
2012000,96.4375
2012180,93.125
2012260,72.36
2012360,78.0
2012510,88.5
2012990,70.0
2100070,90.6
2100081,87.81818181818181
2100120,96.0
2100150,92.4
2100300,86.58333333333333
2100510,91.44444444444444
2100540,90.0
2100570,92.5
2100620,94.16666666666667
2100630,95.5
2100720,92.66666666666667
2100750,84.72222222222223
2100870,95.16666666666667
2100900,95.83333333333333
2101020,97.66666666666667
2101150,86.88888888888889
2101200,94.0909090909091
2101230,83.0
2101320,96.0
2101350,78.5
2101470,90.76470588235294
2101650,93.5
2101860,81.8
2101950,93.71428571428571
2102010,84.25
2102040,96.25
2102250,88.5
2102280,92.4
2102300,89.8
2102400,93.75
2102490,89.27777777777777
2102540,89.5
2102580,89.8
2102710,89.46153846153847
2102860,88.25
2102990,75.8108108108108
2103030,88.66666666666667
2103060,93.4
2103090,90.76470588235294
2103150,88.875
2103210,81.83333333333333
2103360,93.0
2103480,92.66666666666667
2103540,91.0
2103720,92.11111111111111
2103780,92.0
2103810,92.36363636363636
2103870,92.0
2103960,92.16666666666667
2103990,88.0
2104050,93.25
2104110,95.16666666666667
2104250,89.33333333333333
2104410,92.08333333333333
2104500,92.0
2104530,96.16666666666667
2104590,86.0
2104650,83.0
2104740,91.0
2104770,90.5
2104800,92.0
2104950,95.55555555555556
2105070,93.66666666666667
2105100,93.33333333333333
2105160,92.0
2105260,88.08333333333333
2105320,91.5
2105400,93.33333333333333
2105490,94.66666666666667
2105520,97.0
2105730,93.83333333333333
2105790,90.5
2105880,93.16666666666667
2106000,96.0
2200030,85.0952380952381
2200039,90.375
2200053,72.0
2200054,54.583333333333336
2200060,88.125
2200090,83.9375
2200120,84.5
2200125,84.0
2200150,72.125
2200157,45.666666666666664
2200180,91.42857142857143
2200207,64.6
2200270,77.3125
2200294,98.0
2200300,69.0625
2200330,77.5625
2200480,74.5
2200510,88.125
2200540,68.06451612903226
2200630,70.88888888888889
2200660,73.5
2200690,81.125
2200720,74.125
2200750,75.375
2200810,89.5
2200840,68.38095238095238
2200870,71.83870967741936
2200900,84.0
2200990,88.75
2201020,80.58333333333333
2201080,69.52173913043478
2201110,67.375
2201140,74.4
2201170,87.83333333333333
2201200,78.8125
2201230,86.625
2201260,70.0
2201290,70.875
2201350,75.66666666666667
2201380,85.375
2201410,83.45454545454545
2201440,83.0
2201500,78.875
2201530,74.9047619047619
2201560,68.15625
2201590,78.83333333333333
2201620,79.95833333333333
2201650,74.74285714285715
2201680,69.8125
2201740,76.03333333333333
2201800,90.0
2201830,86.875
2201860,81.88888888888889
2201890,78.0
2201920,74.25
2302610,78.125
2302640,83.33333333333333
2302820,84.77777777777777
2303150,88.4
2303780,90.6
2306060,92.5
2307320,69.3
2309930,79.5909090909091
2310500,81.5
2310530,94.75
2310770,81.625
2311370,94.0
2311790,83.11111111111111
2311880,79.0
2312330,85.71428571428571
2313560,79.0
2314330,89.0
2314590,75.75
2314670,84.77777777777777
2314700,84.14285714285714
2314768,87.0
2314779,90.75
2314790,83.5
2314791,84.0
2314793,90.125
2314795,83.0
2400030,89.52631578947368
2400060,78.91666666666667
2400090,63.45238095238095
2400120,82.53571428571429
2400150,93.6875
2400180,85.2
2400210,91.41666666666667
2400240,86.16666666666667
2400270,89.4375
2400300,83.44444444444444
2400330,87.52631578947368
2400360,92.41666666666667
2400390,82.69444444444444
2400420,87.93877551020408
2400480,81.38888888888889
2400510,72.0327868852459
2400540,94.4375
2400570,79.33333333333333
2400600,88.9047619047619
2400630,90.0
2400660,90.04166666666667
2400690,80.65625
2400720,92.5625
2500001,86.33333333333333
2500058,97.0
2500541,95.28571428571429
2500554,97.0
2500556,32.0
2501710,95.86666666666666
2501800,90.72727272727273
2501920,89.5
2501950,95.0625
2501980,92.375
2502110,93.375
2502190,87.75
2502310,86.35714285714286
2502400,94.33333333333333
2502430,92.33333333333333
2502460,81.0
2502490,95.625
2502640,88.5
2502670,87.53846153846153
2502710,98.0
2502740,97.0
2502790,67.296875
2502940,94.13333333333334
2503030,92.125
2503080,96.66666666666667
2503090,72.2
2503150,92.125
2503240,92.875
2503270,86.875
2503300,95.625
2503510,94.25
2503540,58.888888888888886
2503660,75.75
2503870,96.625
2503990,91.75
2504020,91.875
2504050,88.75
2504140,84.25
2504200,93.5
2504320,88.42857142857143
2504360,92.33333333333333
2504410,97.5
2504500,94.625
2504560,92.625
2504620,95.375
2504770,77.26666666666667
2504830,70.08333333333333
2504860,87.5
2504890,73.1
2504950,95.2
2504980,85.9375
2505010,93.9375
2505070,92.75
2505130,74.33333333333333
2505280,87.375
2505370,91.0
2505470,91.0
2505480,92.8
2505485,96.88888888888889
2505500,97.375
2505730,94.75
2505790,97.0
2505970,76.0625
2506090,95.42857142857143
2506240,95.2
2506270,56.17391304347826
2506330,97.8
2506390,87.0
2506510,92.92857142857143
2506660,65.60714285714286
2506780,89.55555555555556
2506840,95.23076923076923
2506930,97.0
2506990,96.25
2507020,74.38888888888889
2507050,89.71428571428571
2507110,71.11538461538461
2507170,78.35714285714286
2507230,95.0
2507260,96.375
2507320,82.125
2507350,94.2
2507410,96.81818181818181
2507530,97.6
2507560,84.625
2507590,96.6
2507620,94.75
2507740,84.6
2507770,91.5
2507860,86.0
2507980,94.0
2508050,96.83333333333333
2508310,94.5
2508340,95.72727272727273
2508370,97.0
2508430,57.421052631578945
2508440,92.0
2508580,94.0
2508610,96.125
2508700,94.8
2508730,93.0
2508790,93.28571428571429
2508820,98.0
2508850,91.75
2508910,96.16666666666667
2508960,96.14285714285714
2509000,89.66666666666667
2509060,90.125
2509150,95.0
2509360,85.8125
2509420,94.5
2509450,93.0
2509630,82.06666666666666
2509720,90.3125
2509870,88.25
2509930,74.6
2509990,96.0
2510050,76.875
2510380,83.25
2510470,92.0
2510500,84.0
2510560,93.33333333333333
2510615,97.5
2510620,96.0
2510770,94.33333333333333
2510830,97.11111111111111
2510860,97.0
2510890,79.66666666666667
2511020,94.5
2511050,93.25
2511130,59.5
2511250,89.875
2511430,94.0
2511490,93.11111111111111
2511520,85.625
2511580,91.375
2511735,94.625
2511740,87.0
2511880,94.125
2511910,93.375
2511970,95.375
2512000,82.5
2512060,76.75
2512180,85.0
2512210,96.8
2512270,96.75
2512510,83.25
2512600,96.875
2512630,86.6875
2512660,97.28571428571429
2512810,96.33333333333333
2512840,86.8125
2512930,93.55555555555556
2512950,97.6
2513050,93.375
2513110,95.83333333333333
2513200,87.375
2513230,74.27450980392157
2600005,56.6
2600013,83.625
2600015,72.29032258064517
2600016,92.66666666666667
2600242,82.0
2600322,9.4
2600972,28.7
2600992,46.5
2601001,58.13333333333333
2601050,45.333333333333336
2601070,27.75
2601077,28.0
2601103,70.9090909090909
2601950,78.375
2601980,79.375
2602220,63.142857142857146
2602520,85.0
2602550,84.4
2602730,75.8125
2602790,88.8125
2602820,86.15789473684211
2603240,95.0
2603690,86.125
2603900,87.57142857142857
2604260,80.0625
2604470,90.6875
2604740,45.666666666666664
2604830,62.75
2605010,83.375
2605430,35.88235294117647
2605780,77.5
2605850,96.6875
2606090,95.4
2606570,87.5
2606870,91.3125
2607560,91.75
2607590,72.5
2607620,91.5
2607890,78.66666666666667
2608070,64.5
2608520,85.375
2608580,69.875
2608770,80.0
2608910,83.0
2608940,92.125
2609570,87.75
2609900,88.75
2610080,25.583333333333332
2610110,65.7
2610140,72.57142857142857
2610590,51.2
2610620,74.0
2610830,91.5
2610860,87.0
2611140,91.0
2611430,88.75
2611550,96.25
2611600,86.5625
2611640,38.375
2612000,65.8
2612030,92.14285714285714
2612420,88.75
2612450,70.125
2612480,94.25
2612600,89.0
2612690,77.0
2612990,96.0
2613500,84.0
2614070,90.375
2614250,87.875
2614280,51.8421052631579
2614460,74.5
2614520,57.05
2614550,85.4
2614610,95.0
2614730,83.71428571428571
2614820,91.6923076923077
2615150,74.5
2615390,77.5
2615540,70.11764705882354
2615730,83.0
2615870,85.375
2616110,52.5
2616350,89.9375
2616380,84.8125
2616410,89.8125
2616440,53.416666666666664
2616470,93.0625
2617160,91.0
2617250,83.875
2617400,90.4
2617520,66.0
2617730,90.4
2617760,49.8
2617910,92.6875
2617940,94.42857142857143
2617970,81.14285714285714
2618030,28.1
2618330,35.0
2618420,74.875
2618450,82.71428571428571
2618480,81.0
2618720,88.0
2618840,93.3125
2618930,86.75
2618990,88.125
2619140,66.4
2619250,80.25
2619620,66.5
2619800,81.0
2619830,94.53846153846153
2619950,66.48275862068965
2620070,82.25
2620160,59.4
2620280,85.75
2620340,72.0
2620730,93.625
2620820,91.71428571428571
2620850,92.25
2620880,91.88888888888889
2621120,84.5
2621150,54.88
2621180,82.9375
2621570,77.0
2621600,79.5
2621690,91.125
2621840,89.73684210526316
2621870,77.9090909090909
2622050,90.8
2622200,74.33333333333333
2622970,68.375
2623040,97.0
2623070,84.875
2623250,93.0
2623460,89.5
2623820,92.875
2623850,79.5
2624120,90.77777777777777
2624150,78.9375
2624720,43.0
2624750,71.125
2624840,63.77777777777778
2625560,69.5
2625680,89.57142857142857
2625740,95.5
2625950,81.75
2625980,95.875
2626010,79.25
2626130,93.6923076923077
2626190,60.65217391304348
2626280,93.625
2626760,50.5
2627060,83.5
2627210,81.11111111111111
2627240,90.33333333333333
2627660,64.33333333333333
2627930,90.375
2628140,85.8
2628530,85.125
2628560,89.4375
2628740,58.0
2628830,69.57142857142857
2628950,89.1875
2629120,82.0
2629460,58.875
2629540,83.5
2629760,82.5
2629910,93.42857142857143
2629940,95.4375
2630030,93.0625
2630090,89.9375
2630120,65.875
2630210,85.1
2630300,79.23076923076923
2630390,69.4090909090909
2630450,79.66666666666667
2630660,94.9375
2630990,83.14285714285714
2632220,91.0
2632250,90.8125
2632280,88.125
2632310,90.41666666666667
2632340,53.1764705882353
2632370,86.66666666666667
2632550,96.2
2632670,78.25
2632820,90.375
2632850,93.5
2633090,81.5
2633420,86.66666666666667
2633540,69.125
2633720,82.5
2633810,90.5
2633840,78.33333333333333
2633870,78.7
2633900,94.875
2634260,90.78947368421052
2634470,88.75
2634560,84.125
2634680,60.75
2634950,83.875
2635160,88.88888888888889
2635190,79.16666666666667
2635220,78.5
2635310,77.45833333333333
2635520,87.875
2635550,89.16666666666667
2635820,91.5
2635850,69.0
2635910,89.66666666666667
2635940,75.125
2635970,41.25
2636300,62.0
2636485,79.4
2636540,79.35714285714286
2636570,70.625
2636630,60.75
2636660,91.1875
2700017,89.85714285714286
2700025,15.909090909090908
2700026,35.285714285714285
2700117,35.0
2700193,23.333333333333332
2700341,12.5
2702264,17.833333333333332
2702970,73.75
2703060,91.5
2703180,71.08108108108108
2703450,73.5
2703870,95.0
2704440,75.3076923076923
2705460,93.25
2705790,83.72222222222223
2706090,81.1875
2706240,49.625
2707200,93.1875
2707290,78.4
2707410,89.25
2708100,92.4375
2708190,92.5625
2709420,79.0
2709440,95.0
2709510,81.5
2710170,95.0
2710230,82.875
2711040,69.8695652173913
2711250,95.9375
2711370,90.3125
2711670,95.8125
2711760,73.5
2711820,93.8125
2711880,69.75
2712270,85.0
2712420,79.0
2713170,85.0
2713530,93.6875
2713980,73.0
2714220,89.125
2714260,88.33333333333333
2714280,47.142857142857146
2714970,89.125
2715030,87.375
2717780,93.0
2718240,86.5
2718750,96.28571428571429
2718780,86.125
2718940,80.5
2721240,51.98275862068966
2721390,91.5
2721420,78.25
2722950,90.29411764705883
2723430,92.0909090909091
2723820,82.66666666666667
2723850,79.625
2723880,89.77777777777777
2725080,96.16666666666667
2725200,79.54838709677419
2728050,87.2
2730030,89.25
2730060,90.5
2730480,84.25
2731750,72.125
2731780,75.75
2731800,79.5
2732390,85.45833333333333
2732430,86.23076923076923
2732820,96.33333333333333
2732880,92.375
2733000,86.1875
2733270,79.5
2733330,81.25
2733510,69.48
2733540,91.75
2733780,87.375
2733790,95.64285714285714
2733810,91.47058823529412
2733840,69.0
2738190,88.75
2741460,92.75
2742160,94.1875
2742270,88.16666666666667
2742360,90.5
2742720,70.25
2744070,81.22222222222223
2744160,75.33333333333333
2800187,75.5
2800189,88.0
2800191,85.0
2800390,83.875
2800630,84.5
2800750,78.125
2800840,71.5
2800900,70.6
2801050,66.8
2801090,87.0
2801200,71.125
2801290,71.85714285714286
2801320,86.21875
2801560,81.71428571428571
2801620,59.666666666666664
2801680,74.83333333333333
2801710,82.125
2801740,81.9
2801770,79.23076923076923
2801800,71.42857142857143
2801860,82.36842105263158
2801980,70.8
2802070,60.0
2802100,81.875
2802160,84.82352941176471
2802190,67.72
2802280,83.23529411764706
2802400,90.17647058823529
2802430,80.64285714285714
2802460,79.0
2802520,71.0
2802550,77.0
2802580,66.0
2802640,83.16666666666667
2802670,86.5
2802700,79.0
2802730,83.75
2802790,85.82142857142857
2802850,75.375
2802880,63.5
2802910,69.89473684210526
2803000,69.33333333333333
2803030,71.125
2803060,85.2
2803240,86.0
2803360,87.3125
2803450,86.85714285714286
2803480,83.75
2803520,84.0
2803530,85.42857142857143
2803540,80.83333333333333
2803630,76.83333333333333
2803660,83.42857142857143
2803830,84.44827586206897
2803900,82.0
2803990,77.875
2804020,77.66666666666667
2804050,77.625
2804110,83.0
2804140,71.5
2804170,86.0
2804230,79.33333333333333
2804260,86.125
2804320,80.125
2804350,85.5
2804470,65.04761904761905
2804530,77.5
2804620,74.0
2804770,59.666666666666664
2900009,37.8
2900580,64.0
2900588,20.0
2901000,85.08333333333333
2902910,91.5
2904620,84.5
2905310,93.25
2905370,89.85714285714286
2905430,89.28571428571429
2905760,92.0
2906990,91.78571428571429
2907120,82.375
2907350,90.0
2907460,89.625
2908250,78.0
2908370,89.6875
2909720,97.25
2910500,90.5
2911650,88.0
2911910,90.25
2912010,77.79166666666667
2912030,92.6
2912290,93.72727272727273
2912300,92.3125
2912550,70.0
2913080,97.0
2913140,82.5
2913650,90.625
2913760,88.75
2913830,83.55172413793103
2914340,77.3157894736842
2914430,90.42857142857143
2915480,82.83333333333333
2915600,92.8125
2916190,82.66666666666667
2916290,86.66666666666667
2916350,80.75
2916400,67.125
2916450,95.22222222222223
2916740,89.66666666666667
2916770,96.22222222222223
2917820,97.0
2918270,90.4375
2918300,93.1875
2918540,92.3125
2918690,93.75
2920410,87.0
2920430,91.83333333333333
2920610,90.0
2920670,93.3125
2920810,79.0
2921100,87.5
2921810,84.625
2921840,84.25
2922530,93.625
2922650,61.166666666666664
2922800,91.33333333333333
2922890,89.0625
2923430,96.4375
2923460,88.66666666666667
2923550,93.25
2923580,93.23529411764706
2923700,86.625
2923730,92.4375
2924530,87.0
2925230,92.875
2925450,85.54545454545455
2925500,88.0
2926070,81.04166666666667
2926220,91.83333333333333
2926640,75.18181818181819
2926670,76.75
2926760,62.625
2926850,93.5
2926890,85.88888888888889
2927060,87.91666666666667
2927830,94.875
2928260,92.28571428571429
2928410,97.0
2928860,83.41666666666667
2928920,86.25
2928950,92.75
2929100,80.0
2929280,63.970588235294116
2929370,90.0
2930450,91.625
2930570,84.5
2930660,80.33333333333333
2931020,93.28571428571429
2931050,93.625
2931110,89.875
2931440,89.625
2931500,91.5
2931530,94.375
2931650,94.0625
2931680,92.125
2932010,96.0
2932100,92.0
3003330,85.57142857142857
3003900,78.66666666666667
3004590,86.5625
3005310,82.3076923076923
3007140,81.5
3013050,77.54166666666667
3013830,85.6875
3015420,83.28571428571429
3018540,84.95833333333333
3100016,84.76470588235294
3100022,86.125
3103810,92.0
3105340,86.625
3170110,97.46153846153847
3170710,84.88888888888889
3171220,96.75
3171580,85.875
3172390,89.58333333333333
3172810,89.5
3172840,75.6470588235294
3173740,93.8125
3174430,85.375
3174580,88.0
3174820,72.50980392156863
3175270,95.3125
3175900,86.75
3176470,85.25
3176860,87.0
3178660,91.6875
3200001,52.708333333333336
3200030,71.5
3200060,65.54794520547945
3200090,87.35714285714286
3200120,81.5
3200210,76.5
3200300,78.04347826086956
3200360,67.58333333333333
3200390,80.5
3200480,63.48979591836735
3300003,79.0
3300017,93.5625
3301740,96.07692307692308
3302460,83.375
3302480,90.875
3302490,94.14285714285714
3302640,86.27272727272727
3303240,89.625
3303330,94.0
3303850,95.4
3303930,86.07142857142857
3304050,89.66666666666667
3304140,82.0
3304410,94.6875
3304590,72.625
3304740,87.42857142857143
3304760,88.0
3304830,92.0
3304980,84.25
3305580,87.33333333333333
3305820,94.0
3305940,81.06666666666666
3306060,93.78571428571429
3306260,96.0
3306720,94.26666666666667
3307170,95.0
3307230,89.8
3307360,88.25
3400004,97.66666666666667
3400009,95.8
3400089,17.0
3400960,72.4375
3400990,98.0
3401260,82.19047619047619
3401350,85.0
3401500,96.875
3401530,97.14285714285714
3401650,97.41666666666667
3401770,88.05
3401830,89.875
3402030,91.0
3402220,89.6875
3402250,71.625
3402280,95.125
3402400,87.8
3402460,95.125
3402490,95.625
3402580,95.66666666666667
3402640,61.46666666666667
3402670,94.81818181818181
3402820,83.5
3402880,91.5
3402910,85.88888888888889
3403000,94.375
3403120,96.33333333333333
3403150,97.0
3403210,94.9375
3403270,82.5
3403300,81.46153846153847
3403420,85.0
3403570,95.71428571428571
3403620,87.5
3403750,94.71428571428571
3403780,92.625
3403900,85.5
3403930,82.875
3403990,95.42857142857143
3404110,96.5
3404230,73.25
3404320,90.5
3404380,93.26666666666667
3404500,94.28571428571429
3404560,93.58333333333333
3404590,73.78125
3404660,86.16666666666667
3404740,84.75
3404800,95.375
3404920,88.0
3404980,96.0
3405310,95.75
3405490,85.375
3405610,92.41666666666667
3405760,83.25
3405820,93.0
3405970,98.0
3406040,98.0
3406060,89.86363636363636
3406270,88.5
3406300,92.25
3406330,88.0
3406390,97.5
3406540,90.38095238095238
3406570,90.36363636363636
3406660,97.14285714285714
3407140,91.5
3407230,96.0625
3407290,80.66666666666667
3407410,97.42857142857143
3407530,96.875
3407570,85.44444444444444
3407590,95.3125
3407680,65.23529411764706
3407740,93.4375
3407800,92.875
3407830,67.92105263157895
3407890,89.375
3407980,95.57142857142857
3408100,90.78571428571429
3408190,93.75
3408220,74.375
3408400,92.625
3408490,96.11764705882354
3408500,92.0
3408610,86.25
3408820,96.8
3408850,87.125
3408940,90.0
3409090,82.625
3409210,93.0
3409240,96.85714285714286
3409270,94.125
3409330,96.125
3409360,94.0
3409420,92.25
3409450,89.5
3409550,90.0
3409750,91.0
3410020,81.42857142857143
3410080,91.625
3410110,94.625
3410200,97.75
3410320,85.5
3410440,93.0
3410470,87.78571428571429
3410500,95.28571428571429
3410560,91.5
3410590,96.11111111111111
3410650,96.8
3410710,97.0
3410740,93.6875
3410810,88.125
3410980,92.6
3411160,80.125
3411220,66.95238095238095
3411340,68.2
3411400,90.0
3411460,84.16666666666667
3411490,87.375
3411610,96.5625
3411640,90.375
3411700,94.125
3411730,97.5
3411760,97.3076923076923
3411880,94.75
3411970,96.25
3412060,93.25
3412260,96.33333333333333
3412270,80.625
3412420,96.25
3412480,95.36363636363636
3412510,97.75
3412540,72.91666666666667
3412570,92.125
3412600,80.28571428571429
3412630,97.3529411764706
3412690,75.57894736842105
3412810,86.75
3412870,81.66666666666667
3412900,97.0
3412930,71.91304347826087
3412960,89.0
3412990,85.66666666666667
3413000,89.0
3413050,90.625
3413140,76.66666666666667
3413200,74.16666666666667
3413290,92.875
3413410,94.85714285714286
3413530,86.25
3413560,96.625
3413590,97.14285714285714
3413620,90.76923076923077
3413650,96.58333333333333
3413680,97.0
3413750,95.25
3413800,91.875
3413830,97.14285714285714
3414280,81.4
3414340,93.81818181818181
3414400,97.5
3414460,93.0
3414640,90.5
3414670,96.77777777777777
3415090,92.5
3415210,96.0
3415330,90.5
3415360,93.75
3415450,92.375
3415480,92.4375
3415510,97.14285714285714
3415540,95.25
3415900,95.875
3416080,91.125
3416110,97.57142857142857
3416230,90.83333333333333
3416290,60.6551724137931
3416380,83.83333333333333
3416470,88.125
3416500,91.66666666666667
3416560,96.25
3416710,85.1
3416800,73.1304347826087
3416870,90.33333333333333
3416890,95.88888888888889
3416970,91.75
3417070,94.125
3417100,97.0
3417220,97.23076923076923
3417280,95.3125
3417430,91.85714285714286
3417460,97.375
3417500,96.45454545454545
3417520,93.8
3417550,97.5
3417580,80.47826086956522
3417610,86.0
3417700,96.9375
3417760,97.2
3417820,96.25
3418000,75.44444444444444
3418060,78.625
3418120,92.0
3418330,94.0
3500010,78.96875
3500030,74.625
3500060,60.8421052631579
3500120,74.625
3500150,71.0
3500160,41.0
3500180,66.8
3500210,62.666666666666664
3500240,67.125
3500300,73.5
3500390,66.46428571428571
3500570,72.52631578947368
3500690,67.22727272727273
3500900,58.77777777777778
3500990,69.83333333333333
3501080,81.25
3501110,66.3125
3501170,64.5
3501260,79.0
3501500,72.325
3501650,86.25
3501680,72.125
3501740,79.375
3501890,72.0
3502070,78.0
3502100,77.16666666666667
3502250,65.625
3502310,70.0
3502370,63.827586206896555
3502430,82.5
3502520,70.375
3600004,86.0
3600008,79.875
3600013,78.0
3600016,90.625
3600053,15.5
3600076,54.69230769230769
3600077,65.9076923076923
3600078,66.25531914893617
3600079,78.125
3600081,64.0625
3600083,63.18518518518518
3600084,51.425
3600085,45.45
3600086,56.67391304347826
3600087,63.0
3600088,59.05
3600090,48.92857142857143
3600091,80.73809523809524
3600092,61.14705882352941
3600094,49.75
3600095,62.689655172413794
3600096,56.416666666666664
3600097,57.0
3600098,61.66129032258065
3600099,78.22033898305085
3600100,74.0701754385965
3600101,67.91666666666667
3600102,65.61818181818182
3600103,71.625
3600115,78.8
3600119,67.51351351351352
3600120,57.51282051282051
3600121,43.333333333333336
3600122,59.870370370370374
3600123,56.056603773584904
3600125,94.88888888888889
3600151,60.910714285714285
3600152,64.8360655737705
3600153,75.57142857142857
3602460,52.56521739130435
3602520,86.5
3602920,91.57142857142857
3602940,75.8
3602970,66.5
3603270,88.3125
3603480,74.14285714285714
3603840,91.75
3603870,92.0625
3603930,86.5625
3603990,76.5
3604080,87.875
3604110,97.0
3604140,77.25
3604710,93.3125
3604740,96.75
3604870,63.44444444444444
3605280,72.24
3605310,91.75
3605460,94.25
3605580,88.0
3605850,53.4375
3605940,94.75
3606060,97.0
3606240,84.25
3606330,88.84615384615384
3606570,90.58333333333333
3606630,83.375
3606870,75.27272727272727
3606900,81.42857142857143
3606990,97.33333333333333
3607020,91.5
3607230,84.5
3607470,85.0
3607530,92.54545454545455
3607590,94.625
3608130,97.28571428571429
3608160,93.25
3608310,85.0
3608400,80.8125
3608430,93.625
3608460,72.66666666666667
3608880,91.75
3608970,82.0
3609090,91.75
3609540,97.0
3609630,92.07142857142857
3609660,85.42857142857143
3609690,89.875
3609720,91.57142857142857
3609840,95.3125
3609990,87.5
3610080,95.14285714285714
3610560,66.8125
3610680,95.71428571428571
3610710,83.8
3610890,94.8125
3610980,93.3125
3611550,78.07692307692308
3611670,87.75
3611700,74.66666666666667
3611760,96.85714285714286
3611880,85.83333333333333
3611970,77.5
3612180,77.375
3612240,71.0
3612270,63.666666666666664
3612330,89.75
3612510,95.66666666666667
3612630,86.375
3613080,93.25
3613290,96.0625
3613350,91.66666666666667
3613620,97.0
3613740,94.71428571428571
3613980,95.3
3614010,82.81818181818181
3614130,43.8
3614190,92.0
3614280,96.125
3614340,89.625
3614460,93.6875
3614700,96.6
3614850,84.46153846153847
3615090,86.75
3615180,77.0
3615210,83.0
3615300,88.66666666666667
3615360,95.375
3615390,93.44444444444444
3615510,94.57142857142857
3615540,94.5
3615570,84.0
3615630,73.2
3615780,91.375
3615810,97.85714285714286
3615900,82.0
3616080,96.66666666666667
3616230,84.625
3616260,96.27272727272727
3616290,78.8
3616560,85.57142857142857
3616620,95.375
3616680,95.875
3616740,75.33333333333333
3616830,81.625
3617160,94.25
3617190,93.5
3617380,90.625
3617520,86.8125
3617670,85.86666666666666
3617730,90.375
3617910,94.625
3618120,92.5625
3618150,88.33333333333333
3618180,75.4
3618240,93.875
3618270,95.0
3618330,95.6
3618600,86.33333333333333
3618630,96.875
3618660,78.5
3618690,78.23809523809524
3619020,95.6875
3619170,79.0
3619200,90.5
3619230,84.61904761904762
3619320,80.86666666666666
3619410,93.875
3619500,92.6
3619560,90.54545454545455
3619650,93.125
3619680,85.88888888888889
3619740,75.625
3619950,91.125
3620040,95.6
3620100,65.69565217391305
3620190,96.5
3620340,95.0625
3620370,96.0
3620460,91.0
3620490,79.4090909090909
3620640,77.0
3620700,68.53846153846153
3620820,70.28571428571429
3620850,89.72727272727273
3620880,94.5
3620910,89.0
3621000,93.64285714285714
3621210,86.5625
3621240,81.66666666666667
3621270,95.8125
3621480,85.375
3621570,94.25
3621720,67.0
3621900,94.375
3622020,79.125
3622050,76.0
3622470,88.0
3622560,95.83333333333333
3622650,69.0
3622680,96.5
3622710,96.0
3622920,80.0
3623010,87.1875
3623160,97.0
3623190,94.625
3623220,97.06666666666666
3623460,82.28571428571429
3623520,77.25
3623580,94.875
3623760,59.125
3624030,89.11111111111111
3624690,75.0
3624750,45.55
3624780,96.625
3624840,91.875
3624900,76.3125
3624960,87.5
3624990,68.0
3625050,96.0
3625170,89.0
3625260,96.42857142857143
3625350,92.5625
3625770,90.0625
3625800,77.625
3625920,97.0
3625950,97.0
3626010,62.5
3626310,85.71428571428571
3626370,94.71428571428571
3626400,93.5
3626520,93.07142857142857
3626670,91.8125
3626760,88.0
3626840,96.0
3627060,96.375
3627180,96.375
3627210,89.93333333333334
3627240,82.875
3627300,92.11111111111111
3627450,93.5
3627780,90.1
3627810,70.1304347826087
3628050,92.5
3628200,95.9375
3628320,94.0
3628500,91.125
3628560,97.66666666666667
3628590,54.666666666666664
3628650,87.5
3628950,77.125
3629280,79.76470588235294
3629370,67.38095238095238
3629520,93.875
3629610,90.7
3629640,95.18181818181819
3629790,83.25
3629850,97.42857142857143
3629880,86.75
3629970,94.46666666666667
3630030,93.8
3630120,71.25
3630330,92.75
3630360,94.5
3630540,91.1
3630630,90.5
3630660,90.16666666666667
3630690,96.5
3630780,87.625
3630960,79.55555555555556
3631020,90.625
3631260,85.5
3631320,90.25
3631470,94.0
3631710,96.75
3631920,71.37837837837837
3631980,95.875
3700011,76.75
3700012,78.65625
3700030,77.27027027027027
3700090,84.6875
3700180,79.625
3700210,84.75
3700240,88.25
3700270,85.375
3700330,78.8
3700360,80.33333333333333
3700390,81.25
3700420,81.75
3700450,81.625
3700480,87.0
3700530,85.76470588235294
3700580,87.33333333333333
3700630,85.875
3700660,78.0
3700690,88.66666666666667
3700720,92.5625
3700750,85.4375
3700780,90.875
3700900,82.58064516129032
3700930,86.0
3700960,83.22222222222223
3701080,87.5
3701110,92.35714285714286
3701140,81.83333333333333
3701170,85.0
3701200,78.5
3701260,78.1219512195122
3701320,77.875
3701500,78.58333333333333
3701530,82.42857142857143
3701620,81.03030303030303
3701800,81.0
3701830,88.0
3701920,83.6842105263158
3701950,74.0
3702010,78.0
3702040,82.9375
3702100,87.70833333333333
3702160,82.83333333333333
3702190,83.875
3702250,74.53846153846153
3702310,84.91666666666667
3702340,85.625
3702370,83.09302325581395
3702430,84.375
3702560,86.75
3702610,77.66666666666667
3702640,77.33333333333333
3702680,86.20833333333333
3702760,88.11111111111111
3702820,86.0
3702880,75.75
3702940,80.125
3702970,76.18181818181819
3703060,85.625
3703090,83.16666666666667
3703120,91.53846153846153
3703270,79.34375
3703310,83.83870967741936
3703330,78.15151515151516
3703360,90.5
3703420,76.0
3703450,86.625
3703480,86.875
3703540,83.55555555555556
3703570,87.21052631578948
3703630,77.0
3703720,90.0
3703780,85.29166666666667
3703870,77.33333333333333
3703900,80.875
3703930,84.88571428571429
3703990,77.17391304347827
3704050,80.1
3704080,76.65
3704140,78.6842105263158
3704200,78.3
3704320,83.0
3704380,86.3125
3704410,86.85
3704530,83.5
3704620,88.35897435897436
3704650,73.6
3704720,75.91666666666667
3704740,80.0
3704830,88.07142857142857
3704880,80.09375
3704920,85.0
3704950,86.28571428571429
3705020,75.71875
3705040,86.4375
3705070,82.0
3800014,89.6875
3800038,88.28571428571429
3806780,86.1875
3808130,88.4375
3811820,81.0
3813030,87.375
3819410,88.1875
3819880,80.5
3900079,30.435897435897434
3900086,4.0
3900106,31.5
3900118,16.625
3900126,12.428571428571429
3900152,19.5
3900177,9.0
3900180,45.125
3900203,24.125
3900217,17.0
3900237,5.0
3900250,63.285714285714285
3900252,38.0
3900277,2.0
3900279,7.0
3900448,13.5
3900488,39.333333333333336
3900530,44.0
3900562,3.75
3901450,28.375
3901534,26.833333333333332
3904348,76.11428571428571
3904349,86.0
3904350,92.75
3904351,77.125
3904352,89.6
3904353,82.0
3904354,97.75
3904358,93.0
3904360,91.6875
3904363,94.375
3904364,96.92307692307692
3904366,94.0625
3904371,75.4090909090909
3904373,94.625
3904374,82.875
3904375,64.625
3904378,65.36734693877551
3904379,80.6470588235294
3904380,71.5909090909091
3904383,89.84615384615384
3904384,70.33333333333333
3904386,92.0
3904387,91.72727272727273
3904389,94.5
3904390,66.81818181818181
3904394,86.6
3904395,68.4375
3904396,89.25
3904400,91.33333333333333
3904401,91.0
3904404,85.0
3904405,91.5
3904408,84.125
3904409,89.375
3904410,78.58333333333333
3904412,86.66666666666667
3904415,90.0
3904416,90.75
3904418,93.1875
3904419,85.0
3904420,91.25
3904421,96.46666666666667
3904422,68.0
3904424,93.45454545454545
3904426,69.0625
3904427,94.53333333333333
3904429,67.2
3904430,76.1
3904433,80.25
3904435,87.875
3904436,94.33333333333333
3904437,92.5
3904438,96.0
3904439,94.13333333333334
3904440,84.38461538461539
3904441,81.71428571428571
3904443,89.0
3904445,78.16666666666667
3904448,85.14285714285714
3904449,80.5
3904450,95.66666666666667
3904452,92.66666666666667
3904453,88.5
3904454,95.0625
3904455,93.5
3904456,91.71428571428571
3904460,91.625
3904463,84.54166666666667
3904464,87.5
3904467,85.75
3904468,83.57142857142857
3904470,97.0
3904474,80.57142857142857
3904475,89.125
3904479,86.125
3904480,84.25
3904481,72.27777777777777
3904483,94.625
3904484,93.9375
3904486,95.0
3904487,91.9375
3904488,96.0
3904489,92.0
3904490,64.62162162162163
3904492,93.9
3904493,97.2
3904495,95.25
3904498,91.625
3904499,78.15384615384616
3904504,87.9090909090909
3904505,86.0
3904506,94.22222222222223
3904507,78.0
3904510,91.6875
3904511,86.0
3904513,93.8125
3904515,83.11111111111111
3904516,72.27777777777777
3904517,88.14285714285714
3904519,93.0
3904527,94.5
3904539,97.33333333333333
3904547,93.71428571428571
3904549,93.0
3904550,95.25
3904558,96.14285714285714
3904561,94.5
3904579,89.0
3904606,88.0
3904609,91.33333333333333
3904610,93.0625
3904611,94.4375
3904614,97.14285714285714
3904615,93.75
3904624,85.875
3904625,93.7
3904628,97.0
3904634,98.0
3904635,91.1875
3904657,94.625
3904660,97.5
3904674,95.375
3904676,97.61538461538461
3904682,92.0
3904689,96.125
3904694,94.625
3904695,91.33333333333333
3904696,93.52941176470588
3904697,82.125
3904699,97.5
3904700,92.375
3904701,93.625
3904702,95.875
3904718,93.25
3904719,95.75
3904722,94.33333333333333
3904724,95.5
3904727,96.0
3904734,95.4375
3904736,87.83333333333333
3904737,93.375
3904738,89.125
3904769,92.0
3904780,83.0
3904788,90.75
3904800,91.2
3904804,91.25
3904811,95.83333333333333
3904812,95.625
3904817,93.875
3904820,95.07142857142857
3904822,90.875
3904823,86.6875
3904829,91.625
3904830,93.27272727272727
3904831,96.5
3904834,98.0
3904847,92.0
3904848,90.0
3904849,97.375
3904865,87.66666666666667
3904869,77.4
3904870,82.125
3904872,94.81818181818181
3904875,84.4
3904887,92.28571428571429
3904909,89.625
3904917,97.2
3904943,94.4
3904945,91.25
3904983,90.0
3904985,96.93333333333334
3904986,95.71428571428571
3904987,96.57142857142857
3904988,91.33333333333333
3904990,96.0
3904992,95.66666666666667
3904993,92.875
3904998,94.625
3904999,96.66666666666667
3905001,95.27272727272727
3905002,96.64285714285714
3905004,95.25
3905005,97.0
3905006,87.33333333333333
3905007,96.28571428571429
3905016,91.25
3905042,96.73333333333333
3905043,94.875
3905044,96.75
3905045,96.125
3906190,89.58333333333333
3906568,87.0
3910000,91.21428571428571
3910003,84.75
3910010,92.0
3910012,87.7
3910014,91.07142857142857
3910015,69.66666666666667
3910017,80.625
3910018,88.0
3910019,86.375
3910020,93.0
3910029,94.9375
3910030,93.8
3910032,93.25
4000777,33.25
4000778,44.0
4000796,86.0
4000800,58.0
4002850,82.6
4003180,56.75
4003630,82.4
4004500,90.33333333333333
4005490,85.16666666666667
4007620,89.375
4007740,82.66666666666667
4008370,83.66666666666667
4008850,86.5
4009570,96.16666666666667
4010290,82.0
4010350,84.2
4010590,91.5
4010650,88.75
4010920,83.0
4011970,51.0
4013140,30.0
4013560,75.83333333333333
4013590,62.0
4015720,89.75
4017250,75.3913043478261
4019440,77.0
4019860,70.0
4019950,91.27272727272727
4020250,81.10526315789474
4020970,72.875
4021000,90.25
4021630,80.5
4021720,77.52941176470588
4022770,71.09677419354838
4023280,88.66666666666667
4023970,90.33333333333333
4024690,83.16666666666667
4025200,77.0
4025290,81.46153846153847
4026880,85.55555555555556
4026910,84.16666666666667
4027570,75.16666666666667
4027750,85.0
4028680,88.0
4029380,87.33333333333333
4030240,68.2
4030600,88.25
4032370,71.5
4033480,90.33333333333333
4100020,73.0
4100023,77.65625
4100043,22.0
4100048,66.25
4101120,76.79166666666667
4101560,87.125
4101620,60.0
4101710,67.77777777777777
4101920,73.58823529411765
4101980,74.29166666666667
4102040,67.5
4102640,85.22222222222223
4102800,68.93333333333334
4102840,74.42857142857143
4102940,75.3
4103480,79.9375
4103660,57.0
4103720,54.888888888888886
4103860,66.125
4103940,72.52173913043478
4104500,63.0
4104700,43.3
4104740,67.58333333333333
4105160,73.8
4105610,81.0
4105910,70.04347826086956
4106000,71.58333333333333
4106300,67.75
4106510,81.5
4106740,64.66666666666667
4106900,67.77777777777777
4107020,69.04545454545455
4107080,56.75
4107230,90.8125
4107380,57.57142857142857
4107500,72.64285714285714
4108010,83.31818181818181
4108040,70.125
4108100,60.44444444444444
4108310,74.8
4108720,76.5
4108820,54.8
4108830,75.75
4109270,60.0
4109330,79.82352941176471
4109480,70.375
4109510,75.75
4109630,65.57142857142857
4110040,64.76785714285714
4110350,65.47826086956522
4110520,57.95454545454545
4110710,60.857142857142854
4110820,64.55813953488372
4110890,71.81818181818181
4111040,52.81818181818182
4111290,93.0
4111450,84.75
4111580,71.0
4111670,63.583333333333336
4111720,68.75
4111970,65.75
4112240,81.0
4113170,91.5
4113530,78.23529411764706
4200071,54.24
4200077,96.0
4200078,72.0
4200088,75.0
4200091,58.0
4200103,10.5
4200119,69.14285714285714
4200127,79.0
4200128,43.0
4200140,46.24242424242424
4200824,84.5
4200843,65.6875
4200851,83.33333333333333
4202010,93.625
4202040,94.4375
4202100,85.44444444444444
4202280,66.08333333333333
4202340,84.36842105263158
4202400,97.57142857142857
4202440,84.75
4202590,85.92857142857143
4202600,96.5
4202790,94.75
4202850,97.71428571428571
4202970,94.46153846153847
4203000,89.625
4203210,91.33333333333333
4203240,91.25
4203330,83.5
4203480,89.0
4203510,95.71428571428571
4203570,80.15625
4203660,89.33333333333333
4203688,95.0
4203870,90.5
4203960,92.5
4204020,90.5
4204230,85.2
4204590,89.625
4204890,95.4375
4205010,88.33333333333333
4205190,92.5625
4205310,97.5
4205400,89.875
4205460,95.625
4205490,93.86666666666666
4205550,83.05882352941177
4205700,95.25
4205760,90.5
4205860,54.23529411764706
4205910,80.125
4206150,86.75
4206240,84.33333333333333
4206270,92.75
4206480,91.75
4206550,90.55555555555556
4206590,87.5
4206660,72.15384615384616
4206780,90.5
4206840,92.0
4206860,91.0
4206960,97.6923076923077
4207080,86.66666666666667
4207110,95.1875
4207200,94.85714285714286
4207230,93.4375
4207290,88.75
4207385,97.5
4207530,92.375
4207560,94.0
4207590,95.625
4207650,92.71428571428571
4207680,84.0
4207710,96.5
4207830,89.1
4208550,93.25
4208580,90.4
4208670,83.47058823529412
4208790,91.66666666666667
4208820,92.875
4208850,80.05555555555556
4209090,92.8
4209120,93.22222222222223
4209270,90.125
4209300,77.32
4209480,92.36363636363636
4209780,95.0
4210070,96.91666666666667
4210230,96.71428571428571
4210590,97.25
4210620,91.25
4210650,94.0
4210710,92.5
4210860,90.1
4210870,97.0
4210920,89.83333333333333
4210950,84.4
4210980,94.86666666666666
4211010,92.5
4211220,85.5
4211340,87.66666666666667
4211400,97.0
4211580,51.526315789473685
4211610,96.1875
4211670,96.0625
4211700,78.48275862068965
4211730,93.0
4211760,91.125
4211790,92.5625
4211880,84.66666666666667
4211940,94.25
4212030,94.33333333333333
4212150,92.6
4212170,89.375
4212480,78.5
4212600,91.75
4212690,92.0
4212725,93.33333333333333
4212750,86.0
4212840,89.93333333333334
4213110,93.0
4213140,76.625
4213320,87.25
4213440,69.625
4214100,93.66666666666667
4214160,96.92857142857143
4214250,96.36363636363636
4214550,91.0
4214580,93.21428571428571
4214760,92.375
4214790,95.33333333333333
4214940,78.625
4215030,89.875
4215290,88.4375
4215330,93.8125
4215720,96.5
4215830,95.125
4216110,97.66666666666667
4216200,91.25
4216380,94.5625
4216410,91.125
4216500,83.5
4216620,83.0
4216980,80.0
4217010,95.64285714285714
4217220,94.125
4217280,94.88888888888889
4217310,89.5
4217370,92.125
4217520,85.5
4217640,86.25
4217760,92.875
4217940,96.375
4218030,84.57142857142857
4218270,97.0
4218300,90.375
4218390,92.14285714285714
4218510,95.5
4218580,95.0
4218590,81.875
4218630,94.3125
4218660,97.25
4218740,92.625
4218750,94.625
4218840,94.0
4218930,92.64285714285714
4218960,97.625
4218990,64.16666666666667
4219050,92.625
4219170,74.71428571428571
4219200,90.25
4219290,87.875
4219350,95.07692307692308
4219470,96.0
4219500,90.625
4219650,90.875
4219680,74.5
4219710,87.0
4219800,91.0
4219890,93.0
4219920,97.83333333333333
4220040,65.83333333333333
4220100,90.0
4220370,89.0
4220400,92.25
4220550,96.16666666666667
4220580,96.0
4221090,76.5
4221120,86.0
4221150,94.0
4221200,93.5
4221240,81.0
4221330,51.0
4221540,80.83333333333333
4221570,88.75
4221810,87.33333333333333
4221870,95.875
4221930,96.57142857142857
4222060,96.0
4222170,91.0
4222350,94.875
4222380,94.875
4222400,82.375
4222440,96.35714285714286
4222470,92.66666666666667
4222560,94.375
4222590,93.77777777777777
4222600,95.25
4222740,85.0
4222770,93.5625
4222860,87.1
4223010,92.25
4223640,97.25
4223760,89.0
4223850,90.4
4224000,89.375
4224150,73.625
4224210,95.0
4224320,85.5
4224390,97.83333333333333
4224480,92.0
4224510,95.375
4224540,87.125
4224570,97.2
4224650,82.0
4224750,92.77777777777777
4224790,95.875
4224820,89.25
4224960,94.6
4224970,93.14285714285714
4225110,89.55555555555556
4225200,93.5
4225290,96.25
4225590,96.28571428571429
4225680,92.25
4225740,86.0
4225830,90.0
4225950,88.63636363636364
4225980,90.375
4226250,93.75
4226300,84.6842105263158
4226390,75.05263157894737
4226460,84.11111111111111
4226580,94.1875
4226730,90.0
4226810,88.375
4226820,66.0
4226850,90.66666666666667
4280090,91.66666666666667
4280220,60.5
4400003,87.4
4400004,87.0
4400030,95.375
4400065,87.625
4400090,87.0
4400120,72.8
4400150,88.75
4400210,89.0625
4400240,81.70833333333333
4400270,85.0
4400330,77.61538461538461
4400420,89.5
4400540,84.0
4400570,88.5
4400750,89.0
4400780,90.125
4400840,75.75
4400870,92.0
4400900,68.61904761904762
4400990,91.0
4401020,88.5
4401110,78.13636363636364
4401140,80.125
4401170,88.0
4401200,62.214285714285715
4500690,83.0
4500720,81.0625
4500780,89.3125
4500810,84.75
4500870,83.0
4500900,76.45161290322581
4501080,62.0
4501110,78.79411764705883
4501170,78.72727272727273
4501440,78.75
4501500,79.56521739130434
4501530,78.25
4501560,81.25
4501770,77.57142857142857
4501830,79.88888888888889
4501860,90.32
4501920,78.5
4502010,81.25
4502070,79.6
4502100,77.8
4502130,80.3125
4502190,77.75
4502280,86.6896551724138
4502310,73.0925925925926
4502340,78.68
4502430,71.5
4502490,71.575
4502520,68.66666666666667
4502550,80.47826086956522
4502580,80.04166666666667
4502610,77.5
4502640,76.375
4502700,84.91666666666667
4502730,76.16666666666667
4502790,72.71428571428571
4502820,85.58064516129032
4502850,70.0
4502970,74.28571428571429
4503030,81.25
4503060,79.78260869565217
4503150,74.5
4503180,77.625
4503210,75.61904761904762
4503330,77.41666666666667
4503360,75.03225806451613
4503390,83.28125
4503480,88.6923076923077
4503510,83.0
4503540,80.0
4503570,81.8
4503600,83.6875
4503630,85.92307692307692
4503660,73.6923076923077
4503690,73.66666666666667
4503720,81.0
4503750,76.5
4503780,79.73333333333333
4503810,84.25
4503840,87.375
4503870,79.40625
4503900,93.625
4503901,40.43333333333333
4503902,82.17857142857143
4503908,79.5
4602070,86.625
4607950,94.625
4608520,86.75
4631350,89.0
4648390,93.0
4655260,85.0
4659820,76.6470588235294
4666270,77.79166666666667
4676620,86.375
4680430,97.5
4700001,90.04761904761905
4700090,92.9
4700147,50.666666666666664
4700148,71.17142857142858
4700149,94.0
4700150,84.75
4700151,92.71428571428571
4700152,96.375
4700153,92.0
4700180,88.57142857142857
4700300,89.85714285714286
4700330,90.61904761904762
4700360,89.72727272727273
4700420,86.4
4700450,81.0
4700510,89.375
4700570,89.625
4700600,95.5
4700630,90.53333333333333
4700690,86.5
4700750,91.2
4700780,90.6875
4700850,97.66666666666667
4700900,91.4
4701020,88.76190476190476
4701050,94.42857142857143
4701080,88.4
4701110,96.0
4701170,82.875
4701290,91.0625
4701400,94.125
4701410,87.875
4701440,91.625
4701470,93.14285714285714
4701500,96.5
4701590,78.6
4701650,85.375
4701680,88.14285714285714
4701740,92.57142857142857
4701770,86.0
4701800,95.66666666666667
4701830,90.3
4701860,91.77777777777777
4701980,90.5
4702100,92.72222222222223
4702130,91.75
4702190,93.125
4702220,82.78048780487805
4702310,94.28571428571429
4702340,93.47368421052632
4702400,90.25
4702490,93.18181818181819
4702520,90.0
4702550,84.875
4702580,90.92592592592592
4702640,83.875
4702670,91.8125
4702700,94.8125
4702760,86.0909090909091
4702820,92.47619047619048
4702880,92.72727272727273
4702940,64.84210526315789
4703000,92.71428571428571
4703030,93.18181818181819
4703090,96.16666666666667
4703180,73.08771929824562
4703240,88.88888888888889
4703270,88.0
4703330,89.75
4703450,90.33333333333333
4703480,90.0952380952381
4703510,84.92857142857143
4703590,89.66666666666667
4703600,93.95238095238095
4703690,89.72727272727273
4703780,84.69565217391305
4703810,84.73333333333333
4703870,93.57142857142857
4703990,91.80952380952381
4704020,89.875
4704080,96.57894736842105
4704200,88.0
4704290,80.8
4704350,91.29411764705883
4704380,89.85714285714286
4704470,92.0
4704500,92.625
4704530,91.76190476190476
4704550,93.63636363636364
4800004,33.857142857142854
4800008,97.57142857142857
4800010,88.48387096774194
4800011,93.875
4800016,45.86842105263158
4800023,30.22222222222222
4800030,97.22222222222223
4800051,31.5
4800054,95.6
4800055,98.0
4800063,47.0
4800075,31.214285714285715
4800163,70.14285714285714
4800174,74.0
4800202,29.3
4800205,41.0
4800207,50.225
4800209,91.11764705882354
4800210,97.0
4800211,97.4
4800215,34.5
4800236,38.7
4800241,97.0
4800247,46.333333333333336
4800271,83.0
4800292,96.5
4801440,97.0
4807350,92.5
4807440,90.0
4807590,95.5
4807710,75.74418604651163
4807780,97.45454545454545
4807800,77.8
4807830,90.58695652173913
4807890,97.46666666666667
4808090,90.06060606060606
4808130,86.125
4808280,94.14285714285714
4808310,94.25
4808340,93.0
4808550,89.75
4808700,81.0
4808870,92.875
4808940,81.75
4809200,93.76923076923077
4809450,97.75
4809570,90.8
4809630,89.75
4809670,84.96153846153847
4809720,85.625
4809860,96.8125
4810200,87.75
4810230,87.5625
4810710,98.0
4810890,95.33333333333333
4811190,86.09677419354838
4811280,92.375
4811310,96.0
4811640,94.0
4811680,85.13157894736842
4811700,93.85714285714286
4811790,79.53571428571429
4812120,91.66666666666667
4812180,91.9375
4812220,95.375
4812420,95.625
4812480,93.25
4812780,88.79166666666667
4812810,94.875
4813020,98.0
4813050,92.53333333333333
4813110,93.0
4813170,88.4
4813230,91.0
4813530,93.5
4813590,88.875
4813650,91.0
4814280,94.4054054054054
4814310,89.375
4814370,79.83333333333333
4814430,88.75
4814670,91.2
4814730,91.84375
4815000,90.79411764705883
4815180,97.5
4815210,97.9
4815240,92.25
4815270,82.41666666666667
4815330,91.5
4815510,97.6
4815750,91.5
4815910,90.89285714285714
4816110,87.52380952380952
4816230,81.70175438596492
4816410,94.375
4816500,96.0
4816530,88.1
4816620,89.83333333333333
4816710,91.25
4816740,93.625
4816860,85.69565217391305
4817070,85.33333333333333
4817390,80.0
4817610,95.0
4817640,85.25806451612904
4817700,93.5625
4817730,87.16666666666667
4817760,97.13333333333334
4817850,91.16666666666667
4818000,78.59375
4818060,88.75
4818150,83.75
4818180,84.03448275862068
4818280,94.375
4818300,76.23404255319149
4818360,88.0
4818540,93.375
4818810,89.75
4819350,93.125
4819380,94.0
4819560,96.625
4819650,89.16949152542372
4819700,74.73584905660377
4819830,97.0
4819840,95.75
4819950,97.41666666666667
4820010,97.21212121212122
4820250,87.55882352941177
4820280,83.8
4820340,88.43859649122807
4820500,94.66666666666667
4820600,95.22222222222223
4821150,89.53125
4821360,97.0
4821390,93.0
4821420,87.3529411764706
4821660,96.73333333333333
4821720,86.625
4821780,90.5
4822170,95.25
4822470,88.375
4822530,86.54166666666667
4822970,93.28571428571429
4823010,86.25
4823100,91.625
4823250,97.77777777777777
4823640,75.61538461538461
4823790,94.0
4823820,96.16666666666667
4823910,92.55
4824030,88.25
4824060,95.12903225806451
4824100,95.125
4824420,88.31428571428572
4824590,89.0
4824930,94.875
4824990,84.54545454545455
4825170,90.79245283018868
4825200,92.14285714285714
4825260,93.125
4825500,93.25
4825590,91.25
4825620,94.0
4825660,86.675
4825680,77.875
4825740,89.97916666666667
4826040,89.75
4826130,79.96666666666667
4826160,65.0
4826190,92.5
4826310,97.0
4826430,97.6
4826470,94.75
4826580,91.89473684210526
4826640,96.83333333333333
4826670,94.53846153846153
4826790,84.03333333333333
4827030,93.78125
4827240,84.0
4827300,91.01785714285714
4827420,95.0
4827510,97.6
4827690,96.0
4827720,90.125
4827780,92.375
4827870,90.875
4828110,91.3
4828290,91.45833333333333
4828380,98.0
4828500,85.09375
4828550,88.4375
4828680,93.75
4828740,92.17647058823529
4828890,84.9375
4828920,91.35
4829010,92.875
4829160,90.125
4829670,86.45833333333333
4829850,94.53571428571429
4830060,96.66666666666667
4830250,88.11111111111111
4830390,89.23255813953489
4830570,83.34375
4830600,93.8125
4830640,97.66666666666667
4830950,91.625
4831040,85.83333333333333
4831260,93.6875
4831760,97.5
4832090,85.5
4832190,82.0
4832280,93.0
4832310,96.0
4832370,94.23076923076923
4832400,91.0
4832940,84.6938775510204
4833010,94.66666666666667
4833060,54.5
4833120,91.34
4833180,93.41176470588235
4834050,94.33333333333333
4834170,93.25
4834290,93.66666666666667
4834320,83.89189189189189
4834440,96.10344827586206
4834830,94.15
4834860,87.7
4834980,91.875
4835070,88.75
4835100,92.74509803921569
4835190,93.875
4835400,83.05882352941177
4835430,94.125
4835850,93.16666666666667
4836000,98.0
4836240,91.0
4836660,94.375
4837020,88.375
4837140,93.54166666666667
4837150,97.3076923076923
4837440,74.66666666666667
4837650,96.125
4837740,88.125
4838080,92.28947368421052
4838220,92.875
4838700,87.59375
4838730,78.15789473684211
4838790,89.58333333333333
4838850,88.0
4838900,85.875
4838970,82.52173913043478
4839180,93.5
4839270,87.25
4839480,95.0
4839630,93.75
4839690,89.25
4839930,94.91666666666667
4839990,87.82352941176471
4840080,92.5
4840230,92.0
4840680,81.79166666666667
4840710,86.43333333333334
4840740,86.75
4840920,89.27272727272727
4840950,89.83333333333333
4841070,94.5
4841100,86.94444444444444
4841220,84.33333333333333
4841280,91.14285714285714
4841350,89.125
4841520,95.4
4841820,91.0
4842280,92.125
4842330,83.76923076923077
4842450,86.375
4842480,92.5
4842510,86.5
4842960,95.52941176470588
4843350,97.25
4843470,89.0
4843650,91.75
4843720,83.11111111111111
4843800,94.625
4843920,98.0
4844150,82.26923076923077
4844160,87.9375
4844280,76.78571428571429
4844430,97.0
4844730,89.61538461538461
4844800,97.125
4844960,85.33333333333333
4845540,90.75
4845600,93.5
4845780,95.42307692307692
4845900,90.125
4846500,97.5
4846530,95.0625
4846680,83.79411764705883
4846710,89.28571428571429
4900030,77.93333333333334
4900090,86.58333333333333
4900120,92.66666666666667
4900130,38.333333333333336
4900142,77.66666666666667
4900150,93.4
4900210,80.23333333333333
4900240,81.66666666666667
4900360,64.85714285714286
4900390,82.91666666666667
4900420,77.66666666666667
4900510,82.72727272727273
4900540,88.16666666666667
4900570,92.0
4900600,83.66666666666667
4900630,87.83333333333333
4900660,78.0
4900720,66.625
4900750,91.66666666666667
4900810,70.9
4900870,65.71428571428571
4900900,81.16666666666667
4900930,80.41666666666667
4900960,84.83333333333333
4901050,89.58333333333333
4901080,76.0
4901110,90.18181818181819
4901140,83.0
4901200,78.63157894736842
5000002,89.0
5000006,90.11111111111111
5000025,89.14285714285714
5000388,94.0
5000394,87.0
5002520,82.83333333333333
5002820,83.28571428571429
5003030,95.54545454545455
5003240,95.0
5005810,81.125
5005840,94.25
5007050,87.16666666666667
5007470,91.85714285714286
5009600,86.33333333333333
5099905,81.0
5099914,93.0
5099915,70.0
5099916,93.0
5099923,88.0
5099940,88.0
5100060,82.5
5100090,91.3125
5100120,70.5
5100152,83.0
5100210,86.375
5100270,77.94117647058823
5100300,88.375
5100360,86.41176470588235
5100420,91.5
5100510,82.875
5100540,77.0
5100600,85.625
5100660,79.625
5100690,86.5
5100780,79.125
5100810,77.65
5100840,79.61702127659575
5100870,92.0
5100960,87.875
5101050,89.125
5101110,69.38461538461539
5101140,81.0
5101170,77.25
5101260,75.81538461538462
5101290,97.0
5101320,90.8125
5101380,90.125
5101440,84.375
5101470,88.25
5101510,80.375
5101590,80.5
5101620,86.1875
5101650,92.5
5101710,91.8
5101740,73.5
5101770,82.5
5101800,82.125
5101830,92.6875
5101860,78.375
5101890,77.3953488372093
5101920,82.0
5101980,76.875
5102010,88.77777777777777
5102100,90.25
5102190,79.25
5102250,84.78947368421052
5102280,86.25
5102340,74.55555555555556
5102360,70.5
5102390,80.66666666666667
5102460,83.25
5102520,86.1875
5102610,86.5
5102640,83.875
5102670,75.28125
5102820,89.5
5102850,94.75
5102880,84.66666666666667
5102910,67.63636363636364
5102940,85.18181818181819
5102980,92.33333333333333
5103000,77.79166666666667
5103030,88.85714285714286
5103060,68.0
5103090,83.375
5103130,77.78461538461538
5103150,80.71428571428571
5103240,58.935483870967744
5103300,74.59375
5103330,90.58823529411765
5103370,83.0
5103390,89.70588235294117
5103420,84.66666666666667
5103460,89.75
5103480,88.5
5103510,90.125
5103520,86.46666666666667
5103600,78.0
5103640,83.03125
5103660,86.74285714285715
5103690,80.0
5103710,79.625
5103810,78.6875
5103840,79.98245614035088
5103870,88.5625
5103900,89.1875
5103930,79.57142857142857
5104020,88.625
5104050,83.625
5104080,88.1875
5104110,84.75
5104150,93.3125
5300001,85.2
5300003,85.36363636363636
5300030,68.5
5300150,85.0
5300240,81.5
5300300,76.70833333333333
5300313,6.5
5300330,92.9090909090909
5300380,76.5
5300390,89.5
5300420,77.56521739130434
5300480,77.75
5300660,70.625
5300780,80.0
5300810,91.9375
5301080,85.84210526315789
5301110,84.29166666666667
5301140,72.75
5301170,85.375
5301230,84.875
5301320,66.5
5301410,77.5
5301630,78.0
5302070,83.0
5302280,84.5
5302310,83.375
5302400,78.45833333333333
5302460,81.5
5302670,86.16666666666667
5302700,82.17857142857143
5302820,76.92307692307692
5302850,74.33333333333333
5302880,81.66666666666667
5302940,78.82352941176471
5303150,76.0
5303210,69.6
5303540,68.45161290322581
5303750,92.70588235294117
5303930,73.96774193548387
5303960,77.74285714285715
5304200,89.5625
5304230,90.95
5304470,76.17647058823529
5304560,91.375
5304620,83.85714285714286
5304860,71.5909090909091
5304920,88.26315789473684
5304980,93.66666666666667
5305130,79.0
5305220,70.94736842105263
5305370,87.33333333333333
5305400,67.54545454545455
5305430,80.375
5305760,85.3125
5305790,77.66666666666667
5305850,80.25
5305910,89.47619047619048
5305940,83.875
5306180,87.875
5306480,77.375
5306570,70.0
5306690,83.875
5306820,77.25
5306900,77.14285714285714
5306930,95.0
5306960,83.66666666666667
5307080,70.66666666666667
5307230,76.84615384615384
5307320,76.47619047619048
5307710,68.43076923076923
5307740,78.125
5307770,76.75
5307830,80.28571428571429
5307900,70.2
5307920,88.125
5308020,85.0
5308040,87.1875
5308130,63.8
5308160,73.81818181818181
5308250,81.54166666666667
5308340,82.53333333333333
5308460,91.0
5308610,85.3125
5308670,84.66666666666667
5308700,77.09375
5308760,90.375
5308970,65.4
5309100,82.8125
5309180,88.25
5309270,76.65384615384616
5309450,77.52631578947368
5309480,77.6
5309540,81.0
5309660,70.45454545454545
5309690,94.5
5309720,81.375
5309780,89.25
5310050,68.0
5310110,66.54166666666667
5310140,76.0
5400060,85.45833333333333
5400090,82.46153846153847
5400150,91.25
5400180,75.75
5400300,78.91304347826087
5400390,85.5625
5400420,80.875
5400450,86.875
5400510,80.91666666666667
5400540,87.92857142857143
5400570,88.05555555555556
5400600,74.84
5400630,72.0
5400660,83.375
5400690,85.65
5400720,86.80952380952381
5400750,89.75
5400780,86.91666666666667
5400810,80.375
5400840,81.95652173913044
5400870,94.11111111111111
5400900,85.33333333333333
5400930,81.5909090909091
5400990,90.6
5401020,86.3
5401050,93.05882352941177
5401170,82.71428571428571
5401200,89.26315789473684
5401230,81.5
5401260,83.4
5401470,80.77777777777777
5401500,81.78260869565217
5401560,91.71428571428571
5401620,83.41666666666667
5401650,85.76923076923077
5500360,91.8
5500390,83.75
5500540,92.875
5500810,89.625
5500960,88.125
5501050,86.36363636363636
5501770,96.8
5501890,91.88888888888889
5502460,97.0
5502550,86.5625
5503060,90.0
5503180,94.875
5503210,94.18181818181819
5503510,96.46666666666667
5503640,95.0
5504050,86.625
5504290,94.75
5504680,89.5
5504740,92.14285714285714
5504830,83.125
5505160,96.75
5505490,94.5
5505610,93.0
5505670,53.75
5505820,79.86206896551724
5505910,95.71428571428571
5505940,88.125
5506000,96.0
5506030,97.0909090909091
5506120,91.06666666666666
5506180,97.2
5506540,94.0
5506600,95.83333333333333
5506630,92.75
5506690,95.46666666666667
5507020,85.30434782608695
5507290,92.625
5507320,82.05882352941177
5507470,97.15384615384616
5507530,92.25
5507650,91.36363636363636
5508520,70.38888888888889
5508610,86.21428571428571
5508820,94.0
5508910,76.41666666666667
5509030,91.125
5509060,97.5
5509090,90.71428571428571
5509130,97.83333333333333
5509210,89.75
5509510,89.1875
5509570,94.75
5509600,59.28333333333333
5509630,91.0
5509810,91.57142857142857
5509840,88.2
5509960,91.0
5509990,95.0
5510060,96.8125
5510170,95.85714285714286
5510320,88.875
5510470,96.85714285714286
5510590,90.66666666666667
5510620,93.28571428571429
5510830,96.28571428571429
5510890,95.5
5511010,95.875
5511100,94.0
5511190,91.8125
5511640,96.5
5511940,93.0
5512000,97.42857142857143
5512060,87.75
5512330,96.875
5512360,70.2051282051282
5512660,91.875
5512720,87.85714285714286
5512810,93.0
5513050,94.5
5513170,93.8125
5513290,92.11111111111111
5513410,92.0
5513620,90.25
5513650,90.33333333333333
5513950,97.0
5514040,92.25
5514160,94.5
5514490,89.875
5514550,96.0
5514640,94.8125
5514670,87.85714285714286
5514910,91.75
5515150,95.6
5515330,93.625
5515600,95.0
5515750,92.0
5515780,84.52631578947368
5515810,95.375
5515840,89.5
5515900,91.0
5515990,93.0625
5516260,90.17391304347827
5516290,90.625
5516320,96.0
5516620,95.33333333333333
5516770,89.0
5517070,93.375
5600730,83.85714285714286
5601470,80.64285714285714
5601980,70.66666666666667
5602760,82.33333333333333
5604060,88.75
5604510,70.66666666666667
5605220,77.66666666666667
5605302,75.57142857142857
5605695,84.85714285714286
5605762,89.5
7200030,73.2
