LEAID,grad_rate
100005,94.0
100006,91.0
100007,94.0
100008,96.0
100011,95.0
100012,92.0
100013,97.0
100030,89.0
100060,95.0
100090,77.0
100100,92.0
100120,89.0
100180,92.0
100185,95.0
100189,95.0
100190,97.0
100194,93.0
100210,95.0
100240,89.0
100270,88.0
100330,77.0
100360,88.0
100390,79.0
100420,93.0
100480,87.0
100510,83.0
100540,92.0
100600,82.0
100630,94.0
100660,87.0
100690,82.0
100720,93.0
100750,87.0
100780,94.0
100810,95.0
100840,93.0
100870,82.0
100930,92.0
100960,92.0
100990,93.0
101020,94.0
101050,97.0
101110,92.0
101140,92.0
101170,87.0
101200,92.0
101230,87.0
101290,90.0
101320,93.0
101350,92.0
101380,95.0
101410,84.0
101440,82.0
101470,92.0
101530,95.0
101560,97.0
101590,91.0
101620,84.0
101660,92.0
101680,82.0
101690,95.0
101710,91.0
101720,92.0
101730,96.0
101740,92.0
101760,93.0
101770,94.0
101800,88.0
101830,92.0
101860,87.0
101890,92.0
101920,92.0
101950,92.0
102010,93.0
102040,93.0
102070,90.0
102100,90.0
102160,82.0
102190,87.0
102220,95.0
102310,89.0
102370,86.0
102400,86.0
102430,81.0
102480,94.0
102490,97.0
102520,96.0
102550,92.0
102580,88.0
102635,94.0
102640,92.0
102650,90.0
102670,95.0
102700,97.0
102730,98.0
102790,92.0
102820,92.0
102850,95.0
102880,88.0
102910,95.0
102940,92.0
102970,89.0
103030,95.0
103062,90.0
103090,82.0
103120,95.0
103150,87.0
103180,93.0
103210,93.0
103240,92.0
103300,92.0
103330,92.0
103360,91.0
103390,87.0
103420,87.0
103430,94.0
103450,90.0
103480,90.0
103510,92.0
103580,84.0
200001,61.0
200003,62.0
200006,95.0
200020,77.0
200130,80.0
200150,82.0
200180,81.0
200210,83.0
200240,77.0
200390,85.0
200480,87.0
200510,83.0
200540,37.0
200600,78.0
200610,67.0
200625,77.0
200862,55.0
400001,94.0
400003,92.0
400053,95.0
400079,22.0
400082,83.0
400083,32.0
400103,23.0
400107,52.0
400108,53.0
400112,87.0
400149,52.0
400157,27.0
400163,52.0
400204,37.0
400212,92.0
400219,19.0
400241,95.0
400261,18.0
400273,23.0
400295,77.0
400303,46.0
400311,32.0
400327,95.0
400329,18.0
400330,27.0
400352,32.0
400353,28.0
400354,21.0
400355,37.0
400357,37.0
400385,27.0
400386,22.0
400388,47.0
400389,22.0
400427,52.0
400432,36.0
400450,93.0
400618,37.0
400619,87.0
400621,42.0
400633,12.0
400636,21.0
400680,82.0
400790,85.0
400800,95.0
400816,12.0
400828,95.0
400839,37.0
400880,27.0
401410,93.0
401460,92.0
401600,82.0
401740,83.0
401760,98.0
401870,92.0
401940,71.0
402320,77.0
402530,91.0
402690,94.0
402860,86.0
402920,85.0
403010,89.0
403040,92.0
403290,87.0
403400,91.0
403450,89.0
403500,87.0
403780,95.0
403820,92.0
403860,1.0
403870,89.0
403990,91.0
404060,82.0
404280,91.0
404630,85.0
404720,76.0
404970,79.0
405070,80.0
405530,92.0
405820,82.0
405930,88.0
405980,77.0
406070,72.0
406250,95.0
406330,82.0
406580,82.0
406730,84.0
406810,94.0
406960,62.0
407130,77.0
407170,95.0
407240,83.0
407300,86.0
407520,95.0
407530,82.0
407570,90.0
407700,82.0
407750,95.0
407820,92.0
408170,78.0
408280,95.0
408340,88.0
408520,90.0
408680,72.0
408800,85.0
408850,90.0
409160,67.0
409190,77.0
409430,72.0
409460,82.0
409630,92.0
409733,87.0
500006,87.0
500015,93.0
500017,92.0
500019,94.0
500026,74.0
500028,95.0
500042,92.0
500043,87.0
500044,87.0
500047,82.0
500049,82.0
500394,77.0
500398,95.0
500419,83.0
502250,95.0
502430,92.0
502580,92.0
502700,92.0
502790,92.0
502880,86.0
502960,95.0
503030,87.0
503060,94.0
503150,87.0
503320,87.0
503450,95.0
503640,95.0
503690,92.0
503750,91.0
504020,92.0
504380,92.0
504590,89.0
504800,87.0
504930,87.0
505500,87.0
505680,93.0
505760,95.0
506060,87.0
506090,95.0
506120,92.0
506270,87.0
506330,89.0
506420,92.0
506840,82.0
506900,95.0
506990,98.0
507320,92.0
507380,92.0
507560,82.0
507680,82.0
507770,92.0
507840,77.0
507890,74.0
508040,89.0
508130,82.0
508280,87.0
508400,87.0
508610,84.0
508670,87.0
508940,87.0
509000,82.0
509060,92.0
509240,92.0
509390,88.0
509540,87.0
509750,95.0
509840,95.0
510200,95.0
510380,95.0
510440,95.0
510680,78.0
511010,95.0
511130,95.0
511610,92.0
511700,92.0
511760,92.0
511850,85.0
511970,87.0
512060,93.0
512210,89.0
512450,90.0
512520,87.0
512540,87.0
512660,86.0
512960,87.0
513080,95.0
513110,83.0
513380,95.0
513410,87.0
513530,95.0
513930,92.0
514140,87.0
514430,91.0
600013,97.0
600014,91.0
600016,95.0
600017,87.0
600019,95.0
600020,97.0
600022,72.0
600025,99.0
600027,87.0
600028,94.0
600029,97.0
600032,95.0
600033,92.0
600034,88.0
600035,86.0
600036,95.0
600039,95.0
600040,95.0
600043,95.0
600044,92.0
600045,92.0
600046,94.0
600047,90.0
600048,90.0
600051,87.0
600052,90.0
600060,95.0
600061,91.0
600062,88.0
600063,92.0
600064,91.0
600065,89.0
600067,92.0
600068,92.0
600069,90.0
600153,95.0
600158,94.0
600160,87.0
601332,85.0
601409,87.0
601410,96.0
601414,91.0
601415,87.0
601418,87.0
601421,96.0
601423,90.0
601620,91.0
601650,96.0
601770,93.0
601860,92.0
602430,90.0
602450,90.0
602630,86.0
602670,90.0
602700,90.0
602820,82.0
602850,80.0
602970,98.0
603030,91.0
603300,94.0
603600,90.0
603690,93.0
603840,69.0
604020,80.0
604110,94.0
604230,87.0
604290,92.0
604440,90.0
604620,96.0
604740,86.0
604830,95.0
605610,93.0
605820,94.0
605880,97.0
605940,92.0
606450,92.0
606780,93.0
606870,90.0
606900,84.0
607230,89.0
607440,96.0
607500,95.0
607530,96.0
607560,92.0
607800,95.0
607900,89.0
607920,88.0
607970,86.0
608010,90.0
608130,85.0
608160,89.0
608190,96.0
608370,89.0
608460,92.0
608550,87.0
608760,94.0
608970,87.0
609030,93.0
609070,81.0
609120,79.0
609390,86.0
609570,82.0
609620,82.0
609640,95.0
609690,87.0
609810,90.0
609850,94.0
609870,93.0
609940,77.0
610050,96.0
610260,93.0
610350,85.0
610620,93.0
610770,91.0
610860,95.0
611110,90.0
611280,81.0
611460,95.0
611520,90.0
611820,86.0
612070,94.0
612120,85.0
612180,93.0
612210,96.0
612330,92.0
612840,95.0
612910,83.0
613360,80.0
613530,84.0
613800,91.0
613840,92.0
613890,91.0
613920,90.0
614070,82.0
614190,75.0
614250,95.0
614400,94.0
614430,95.0
614550,86.0
614760,93.0
614820,96.0
614880,90.0
614950,82.0
615180,89.0
615240,90.0
615270,97.0
616230,82.0
616323,95.0
616325,93.0
616500,92.0
616740,79.0
616920,87.0
617220,95.0
617430,92.0
618060,91.0
618210,95.0
618390,86.0
618930,87.0
618990,87.0
619260,91.0
619320,87.0
619490,89.0
619540,89.0
619650,83.0
619700,78.0
619830,90.0
620070,58.0
620130,97.0
620370,96.0
620640,85.0
620670,95.0
621000,95.0
621060,87.0
621270,92.0
621400,92.0
621600,90.0
621690,92.0
621810,95.0
621870,90.0
622050,95.0
622110,95.0
622230,85.0
622410,88.0
622500,85.0
622590,98.0
622710,77.0
622740,96.0
622800,97.0
623080,93.0
623160,83.0
623340,88.0
623610,93.0
623940,87.0
624030,90.0
624090,82.0
624230,94.0
624500,95.0
624660,91.0
624750,95.0
625150,87.0
625230,87.0
625320,89.0
625470,84.0
625530,91.0
625690,93.0
625800,89.0
625830,86.0
625860,81.0
626310,93.0
626370,86.0
626490,95.0
626640,87.0
626880,89.0
626910,86.0
627060,88.0
627200,95.0
627240,90.0
627590,84.0
627690,91.0
627720,89.0
627850,96.0
628050,73.0
628250,84.0
628270,87.0
628650,94.0
629130,85.0
629270,85.0
629370,95.0
629490,89.0
629550,92.0
629610,95.0
629640,87.0
629700,98.0
629820,86.0
629850,86.0
629910,93.0
629940,85.0
630030,87.0
630210,90.0
630250,89.0
630330,98.0
630360,95.0
630600,88.0
630660,96.0
630750,95.0
631170,87.0
631320,88.0
631530,95.0
631710,88.0
632010,89.0
632070,90.0
632270,87.0
632370,89.0
632550,79.0
632610,89.0
632880,97.0
633110,87.0
633150,91.0
633630,90.0
633750,87.0
633840,84.0
633860,92.0
633980,86.0
634140,90.0
634170,89.0
634320,87.0
634380,96.0
634410,85.0
634425,93.0
634440,88.0
634590,91.0
634620,88.0
634680,91.0
634710,89.0
634740,92.0
634800,94.0
634860,96.0
634880,94.0
634980,92.0
635110,78.0
635130,97.0
635250,93.0
635310,88.0
635430,89.0
635600,90.0
635670,91.0
635700,91.0
635830,83.0
635850,93.0
636270,89.0
636390,88.0
636600,88.0
636800,86.0
636805,92.0
636840,89.0
636940,82.0
636970,88.0
636972,81.0
637050,93.0
637200,88.0
637260,86.0
637500,91.0
637530,81.0
637620,87.0
637830,92.0
638010,76.0
638280,92.0
638610,95.0
638640,86.0
638730,92.0
638770,90.0
638790,94.0
638880,85.0
638980,96.0
639000,96.0
639420,95.0
639630,97.0
639930,96.0
640150,95.0
640300,87.0
640590,89.0
640740,72.0
640980,91.0
641160,93.0
641190,89.0
641280,98.0
641430,87.0
641580,88.0
642000,93.0
642140,91.0
642350,95.0
642480,90.0
642510,96.0
642540,92.0
642560,77.0
642710,92.0
642930,82.0
643080,90.0
643410,77.0
643470,86.0
643560,92.0
684500,96.0
691005,27.0
691007,22.0
691012,29.0
691020,43.0
691024,31.0
691026,18.0
691027,22.0
691029,23.0
691030,19.0
691031,31.0
691035,17.0
691036,48.0
691041,29.0
691045,5.0
691049,17.0
691051,37.0
691078,45.0
691122,12.0
691135,93.0
800020,53.0
800282,25.0
801920,93.0
801950,64.0
802070,82.0
802280,95.0
802340,77.0
802490,92.0
802580,82.0
802610,92.0
802700,57.0
802790,85.0
802910,89.0
802940,95.0
803030,32.0
803060,70.0
803090,72.0
803330,84.0
803360,70.0
803450,91.0
803480,78.0
803540,75.0
803600,95.0
803720,87.0
803780,53.0
803870,56.0
803990,84.0
804020,72.0
804050,74.0
804080,82.0
804200,92.0
804260,84.0
804320,82.0
804350,81.0
804410,81.0
804470,95.0
804530,80.0
804800,85.0
804830,86.0
804920,87.0
805220,92.0
805250,82.0
805310,90.0
805370,86.0
805400,80.0
805490,87.0
805550,60.0
805730,77.0
805790,79.0
805820,96.0
806120,82.0
806150,89.0
806240,83.0
806480,81.0
806540,67.0
806660,92.0
806690,82.0
806810,95.0
806900,84.0
807230,68.0
807350,92.0
807380,85.0
899200,47.0
900002,97.0
900003,3.0
900005,92.0
900060,87.0
900120,96.0
900210,94.0
900270,93.0
900330,87.0
900420,93.0
900450,75.0
900510,86.0
900540,96.0
900690,95.0
900700,95.0
900750,95.0
900810,92.0
900840,94.0
900960,92.0
900990,95.0
901020,81.0
901050,97.0
901110,77.0
901230,95.0
901260,88.0
901290,84.0
901320,95.0
901440,95.0
901470,90.0
901530,96.0
901560,96.0
901620,97.0
901680,95.0
901710,95.0
901740,87.0
901770,84.0
901800,97.0
901860,87.0
901920,67.0
902070,87.0
902160,92.0
902280,97.0
902310,82.0
902400,79.0
902490,90.0
902520,93.0
902550,95.0
902580,92.0
902640,86.0
902670,73.0
902700,98.0
902730,97.0
902790,77.0
902820,82.0
902850,92.0
902880,95.0
902910,96.0
902970,92.0
903030,91.0
903090,92.0
903180,95.0
903240,95.0
903270,82.0
903300,92.0
903330,92.0
903450,92.0
903515,95.0
903520,96.0
903535,92.0
903536,95.0
903537,95.0
903538,95.0
903539,95.0
903540,95.0
903630,95.0
903660,95.0
903720,95.0
903750,95.0
903780,97.0
903810,96.0
903840,95.0
903990,92.0
904050,90.0
904110,94.0
904140,95.0
904170,95.0
904230,94.0
904320,87.0
904380,92.0
904440,92.0
904470,95.0
904560,94.0
904590,83.0
904620,97.0
904680,78.0
904740,93.0
904830,77.0
904860,91.0
904890,92.0
904920,93.0
904950,82.0
905010,98.0
905040,99.0
905070,94.0
905130,98.0
905190,77.0
905220,89.0
905250,87.0
905280,95.0
905371,86.0
905373,99.0
1000004,99.0
1000015,95.0
1000016,95.0
1000080,95.0
1000170,87.0
1000180,89.0
1000190,84.0
1000200,70.0
1000230,80.0
1000270,92.0
1000680,84.0
1000750,95.0
1000790,85.0
1000810,82.0
1001080,86.0
1001240,85.0
1001280,94.0
1001300,87.0
1001530,77.0
1001620,89.0
1001680,96.0
1001850,82.0
1100005,77.0
1100008,77.0
1100030,69.0
1100031,82.0
1100043,87.0
1200002,81.0
1200030,88.0
1200060,76.0
1200090,81.0
1200120,87.0
1200150,88.0
1200180,84.0
1200210,87.0
1200240,88.0
1200270,84.0
1200300,91.0
1200330,92.0
1200360,88.0
1200390,86.0
1200420,61.0
1200450,95.0
1200480,85.0
1200510,81.0
1200540,88.0
1200600,66.0
1200630,87.0
1200690,82.0
1200720,72.0
1200750,80.0
1200780,84.0
1200810,89.0
1200840,77.0
1200870,87.0
1200900,77.0
1200930,92.0
1200960,78.0
1201050,84.0
1201080,83.0
1201110,93.0
1201140,87.0
1201200,82.0
1201230,85.0
1201260,84.0
1201290,88.0
1201320,86.0
1201350,93.0
1201380,88.0
1201410,77.0
1201440,89.0
1201470,89.0
1201500,88.0
1201530,87.0
1201560,86.0
1201590,80.0
1201620,85.0
1201650,89.0
1201680,90.0
1201710,92.0
1201740,93.0
1201770,92.0
1201800,88.0
1201830,96.0
1201860,92.0
1201890,82.0
1201920,80.0
1201950,90.0
1201980,87.0
1202010,80.0
1202012,95.0
1202013,95.0
1202015,95.0
1300001,84.0
1300026,7.0
1300060,89.0
1300090,87.0
1300120,80.0
1300150,92.0
1300210,92.0
1300214,13.0
1300227,45.0
1300231,18.0
1300232,53.0
1300235,8.0
1300240,93.0
1300246,8.0
1300290,86.0
1300330,87.0
1300360,80.0
1300390,79.0
1300420,78.0
1300440,92.0
1300480,83.0
1300510,95.0
1300540,87.0
1300570,88.0
1300600,93.0
1300630,85.0
1300660,89.0
1300690,81.0
1300720,98.0
1300780,93.0
1300810,92.0
1300840,92.0
1300870,89.0
1300900,91.0
1300930,88.0
1300990,87.0
1301020,87.0
1301050,82.0
1301080,82.0
1301110,87.0
1301140,95.0
1301170,80.0
1301230,72.0
1301290,85.0
1301350,83.0
1301380,80.0
1301410,91.0
1301470,90.0
1301500,85.0
1301530,82.0
1301560,88.0
1301590,92.0
1301620,79.0
1301650,95.0
1301680,95.0
1301710,84.0
1301740,75.0
1301770,93.0
1301830,86.0
1301860,87.0
1301870,92.0
1301890,84.0
1301920,92.0
1301980,91.0
1302010,82.0
1302040,84.0
1302070,82.0
1302100,94.0
1302130,89.0
1302190,94.0
1302220,94.0
1302250,91.0
1302280,87.0
1302310,88.0
1302340,84.0
1302400,95.0
1302430,95.0
1302460,91.0
1302490,92.0
1302520,85.0
1302550,82.0
1302580,92.0
1302610,88.0
1302670,94.0
1302700,92.0
1302730,95.0
1302790,92.0
1302820,88.0
1302880,87.0
1302910,92.0
1302940,94.0
1302970,87.0
1303000,90.0
1303030,95.0
1303060,87.0
1303150,88.0
1303210,87.0
1303240,77.0
1303270,88.0
1303300,85.0
1303330,87.0
1303360,92.0
1303390,92.0
1303420,90.0
1303450,87.0
1303480,90.0
1303510,76.0
1303540,92.0
1303570,77.0
1303600,77.0
1303630,82.0
1303690,95.0
1303720,85.0
1303780,90.0
1303840,93.0
1303870,89.0
1303930,87.0
1303960,94.0
1303990,92.0
1304020,86.0
1304050,81.0
1304080,92.0
1304110,96.0
1304140,91.0
1304170,88.0
1304200,80.0
1304260,92.0
1304320,92.0
1304380,78.0
1304410,82.0
1304440,90.0
1304470,95.0
1304500,82.0
1304530,87.0
1304540,92.0
1304560,90.0
1304620,87.0
1304770,84.0
1304800,87.0
1304830,77.0
1304890,91.0
1304950,77.0
1304980,85.0
1305040,88.0
1305130,95.0
1305190,82.0
1305250,98.0
1305280,87.0
1305310,88.0
1305340,92.0
1305370,88.0
1305390,88.0
1305430,90.0
1305490,95.0
1305550,91.0
1305670,87.0
1305700,80.0
1305760,82.0
1305790,92.0
1305850,77.0
1500030,84.0
1600002,88.0
1600004,50.0
1600005,25.0
1600011,42.0
1600060,87.0
1600144,17.0
1600149,28.0
1600155,47.0
1600240,77.0
1600270,83.0
1600300,86.0
1600360,81.0
1600420,77.0
1600480,72.0
1600510,76.0
1600600,81.0
1600660,85.0
1600780,88.0
1600930,81.0
1600960,82.0
1601020,79.0
1601050,82.0
1601110,87.0
1601140,87.0
1601260,82.0
1601530,76.0
1601570,89.0
1601590,78.0
1601710,92.0
1601770,85.0
1601800,92.0
1601860,85.0
1601920,90.0
1602100,87.0
1602130,85.0
1602190,77.0
1602220,82.0
1602250,83.0
1602340,82.0
1602520,52.0
1602580,82.0
1602640,90.0
1602670,86.0
1602910,95.0
1602970,92.0
1603090,92.0
1603180,87.0
1603240,77.0
1603330,87.0
1700005,92.0
1700006,72.0
1700044,82.0
1700110,57.0
1700320,92.0
1701403,92.0
1703600,81.0
1703780,92.0
1703870,97.0
1704020,90.0
1704170,93.0
1704680,71.0
1704710,82.0
1704770,92.0
1704920,93.0
1705050,97.0
1705220,95.0
1705310,82.0
1705640,91.0
1705790,92.0
1705970,87.0
1706120,95.0
1706420,82.0
1706480,89.0
1706540,87.0
1706960,94.0
1707050,88.0
1707650,87.0
1707830,97.0
1708010,92.0
1708040,70.0
1708280,87.0
1708370,89.0
1708400,93.0
1708430,77.0
1708550,92.0
1708640,95.0
1709300,79.0
1709420,84.0
1709600,92.0
1709930,77.0
1710440,87.0
1710530,92.0
1710650,90.0
1710740,92.0
1710820,82.0
1711250,94.0
1711370,97.0
1711790,74.0
1711850,76.0
1712000,84.0
1712330,79.0
1712570,94.0
1712700,97.0
1712760,92.0
1712990,82.0
1713230,95.0
1713290,92.0
1713320,75.0
1713530,92.0
1713560,92.0
1713710,86.0
1713940,89.0
1713970,95.0
1714100,88.0
1714430,95.0
1714490,92.0
1714580,95.0
1715030,94.0
1715840,92.0
1715900,77.0
1716080,86.0
1716350,98.0
1716380,98.0
1716410,92.0
1716830,93.0
1717280,72.0
1717340,91.0
1717550,97.0
1717730,92.0
1718240,81.0
1718270,87.0
1718420,72.0
1718810,87.0
1718840,95.0
1718990,92.0
1719080,95.0
1719200,87.0
1719320,92.0
1719560,97.0
1719620,93.0
1719660,77.0
1719830,92.0
1719970,87.0
1720280,73.0
1720380,92.0
1720430,86.0
1720490,92.0
1720610,78.0
1720760,88.0
1721000,82.0
1721780,97.0
1721840,95.0
1721900,96.0
1722110,86.0
1722500,97.0
1722740,88.0
1722830,98.0
1722950,83.0
1723050,80.0
1723070,97.0
1723200,95.0
1723350,95.0
1723880,95.0
1723920,87.0
1724060,91.0
1724090,94.0
1724390,92.0
1724480,97.0
1724570,92.0
1724600,79.0
1724750,92.0
1724940,96.0
1725000,87.0
1725050,96.0
1725320,95.0
1725650,87.0
1725690,95.0
1725770,97.0
1726180,77.0
1726340,93.0
1726400,91.0
1726550,95.0
1726640,95.0
1726800,92.0
1726880,78.0
1727360,85.0
1727390,92.0
1727570,90.0
1727610,82.0
1727710,98.0
1728200,98.0
1728530,93.0
1728620,92.0
1728700,92.0
1729010,97.0
1729220,92.0
1729280,94.0
1729790,90.0
1729890,92.0
1730160,92.0
1730270,97.0
1730330,85.0
1730450,95.0
1731110,83.0
1731230,72.0
1731290,92.0
1731500,92.0
1731620,92.0
1731740,95.0
1731770,92.0
1731920,92.0
1732220,95.0
1732580,97.0
1732700,92.0
1732910,77.0
1733000,91.0
1733240,87.0
1733270,88.0
1733380,95.0
1733420,85.0
1733510,95.0
1733720,93.0
1734020,95.0
1734100,92.0
1734230,92.0
1734290,93.0
1734320,95.0
1734380,87.0
1734410,79.0
1734510,65.0
1734990,89.0
1735010,87.0
1735190,87.0
1735370,92.0
1735850,95.0
1736180,95.0
1737080,75.0
1737170,96.0
1737350,98.0
1737410,92.0
1738100,79.0
1738460,96.0
1738700,92.0
1738940,97.0
1738970,78.0
1739120,92.0
1739420,87.0
1739870,95.0
1739960,80.0
1740070,88.0
1740140,87.0
1740440,95.0
1740470,77.0
1740800,94.0
1740980,91.0
1741070,92.0
1741190,88.0
1741250,72.0
1741580,77.0
1741690,96.0
1741980,95.0
1742180,94.0
1742310,87.0
1742480,95.0
1742630,92.0
1742790,95.0
1743330,95.0
1743890,84.0
1743960,90.0
1800025,82.0
1800030,96.0
1800041,95.0
1800052,95.0
1800058,95.0
1800081,38.0
1800093,16.0
1800098,51.0
1800106,27.0
1800112,67.0
1800118,92.0
1800120,95.0
1800135,32.0
1800142,32.0
1800150,94.0
1800179,22.0
1800186,2.0
1800240,92.0
1800270,97.0
1800360,90.0
1800390,95.0
1800420,92.0
1800450,90.0
1800480,95.0
1800570,92.0
1800630,94.0
1800690,95.0
1800840,93.0
1800900,92.0
1800960,95.0
1801020,98.0
1801050,95.0
1801200,97.0
1801440,95.0
1801560,95.0
1801590,88.0
1801890,91.0
1801920,95.0
1802040,95.0
1802280,95.0
1802400,89.0
1802440,92.0
1802460,92.0
1802490,97.0
1802550,92.0
1802610,95.0
1802640,88.0
1802660,92.0
1802800,93.0
1802830,97.0
1802850,89.0
1802880,69.0
1802970,94.0
1803000,92.0
1803030,95.0
1803120,95.0
1803150,95.0
1803270,90.0
1803450,81.0
1803480,87.0
1803510,91.0
1803630,87.0
1803660,87.0
1803690,94.0
1803700,95.0
1803750,98.0
1803840,95.0
1803870,84.0
1803930,85.0
1803940,95.0
1803960,95.0
1803990,95.0
1804050,93.0
1804080,95.0
1804110,94.0
1804140,95.0
1804170,95.0
1804260,92.0
1804320,82.0
1804350,95.0
1804470,95.0
1804560,92.0
1804590,93.0
1804620,82.0
1804710,95.0
1804770,77.0
1804980,87.0
1805190,94.0
1805280,95.0
1805340,95.0
1805370,92.0
1805400,81.0
1805450,93.0
1805460,95.0
1805520,92.0
1805550,91.0
1805580,91.0
1805670,92.0
1805700,92.0
1805790,93.0
1806030,97.0
1806090,95.0
1806120,85.0
1806270,95.0
1806390,96.0
1806510,93.0
1806570,84.0
1806600,90.0
1806660,95.0
1806840,94.0
1806870,95.0
1806900,87.0
1807140,97.0
1807230,95.0
1807260,96.0
1807290,92.0
1807320,93.0
1807350,97.0
1807410,93.0
1807440,95.0
1807560,94.0
1807620,92.0
1807650,97.0
1807680,95.0
1807770,92.0
1807860,85.0
1807900,95.0
1807920,92.0
1807950,95.0
1807980,95.0
1808010,95.0
1808100,95.0
1808220,95.0
1808250,97.0
1808310,95.0
1808340,92.0
1808760,96.0
1808820,95.0
1808850,95.0
1808900,92.0
1808910,93.0
1808970,92.0
1809000,99.0
1809060,91.0
1809120,92.0
1809150,94.0
1809180,95.0
1809370,94.0
1809420,95.0
1809480,92.0
1809510,97.0
1809630,92.0
1809690,88.0
1809750,95.0
1809810,92.0
1810020,87.0
1810080,93.0
1810140,95.0
1810290,80.0
1810350,95.0
1810360,93.0
1810440,95.0
1810450,95.0
1810590,92.0
1810650,97.0
1810680,95.0
1810710,96.0
1810860,95.0
1810870,92.0
1810920,95.0
1810950,92.0
1811100,88.0
1811190,96.0
1811250,92.0
1811340,96.0
1811370,95.0
1811400,92.0
1811460,98.0
1811580,92.0
1811610,92.0
1811700,95.0
1811970,92.0
1812090,84.0
1812120,95.0
1812150,95.0
1812180,85.0
1812240,95.0
1812360,82.0
1812390,90.0
1812420,94.0
1812450,92.0
1812720,89.0
1812810,80.0
1812870,95.0
1812880,94.0
1812900,82.0
1812990,95.0
1813080,96.0
1813110,95.0
1813230,82.0
1903150,95.0
1903360,92.0
1903540,98.0
1903690,96.0
1903930,95.0
1904200,95.0
1904830,87.0
1904860,94.0
1905070,95.0
1905130,92.0
1905790,79.0
1906270,92.0
1906330,95.0
1906510,97.0
1906540,84.0
1906660,92.0
1906810,92.0
1907080,95.0
1907590,95.0
1907620,92.0
1907710,80.0
1907860,92.0
1908220,87.0
1908310,92.0
1908520,95.0
1908580,82.0
1908730,95.0
1908910,87.0
1908970,81.0
1909480,89.0
1911340,87.0
1911820,85.0
1911850,87.0
1912510,95.0
1912690,92.0
1913200,92.0
1913500,95.0
1914370,92.0
1914580,92.0
1914640,97.0
1914700,91.0
1914730,92.0
1915210,82.0
1915450,96.0
1915630,87.0
1915840,95.0
1916530,95.0
1916680,92.0
1917220,93.0
1918510,92.0
1918690,95.0
1918720,88.0
1918780,89.0
1919890,92.0
1920130,84.0
1920250,95.0
1920610,93.0
1920910,95.0
1920940,95.0
1921240,97.0
1921870,87.0
1922110,91.0
1922470,95.0
1922530,95.0
1923110,98.0
1925320,92.0
1925590,95.0
1926400,86.0
1926580,95.0
1926730,95.0
1926820,95.0
1926910,92.0
1927000,92.0
1927390,67.0
1928680,94.0
1929310,92.0
1930240,87.0
1930480,84.0
1930510,99.0
1930540,92.0
1930630,92.0
1930900,95.0
1930930,93.0
1930990,95.0
1931350,98.0
1931680,95.0
1931860,95.0
2000003,92.0
2000015,82.0
2003180,87.0
2003200,94.0
2003300,95.0
2003360,85.0
2003450,82.0
2003540,82.0
2003630,87.0
2003720,87.0
2003780,85.0
2004050,87.0
2004200,92.0
2004590,95.0
2004890,87.0
2004980,82.0
2005460,90.0
2005490,98.0
2005580,91.0
2005730,92.0
2005790,82.0
2005940,91.0
2006090,92.0
2006180,87.0
2006390,81.0
2006420,94.0
2006540,92.0
2006660,83.0
2007020,88.0
2007050,91.0
2007590,87.0
2007620,84.0
2007650,87.0
2007740,82.0
2007890,86.0
2007950,74.0
2008340,96.0
2008400,82.0
2008430,88.0
2008730,82.0
2008970,92.0
2009140,93.0
2009180,83.0
2009390,87.0
2009840,95.0
2009960,85.0
2010140,94.0
2010500,92.0
2010680,92.0
2010710,90.0
2011080,95.0
2011250,92.0
2011370,88.0
2011490,93.0
2011640,90.0
2011850,56.0
2012000,97.0
2012180,94.0
2012210,95.0
2012260,82.0
2012300,87.0
2012360,76.0
2012420,82.0
2012510,90.0
2012840,95.0
2012990,74.0
2013050,87.0
2100030,95.0
2100070,92.0
2100081,89.0
2100120,95.0
2100150,92.0
2100270,92.0
2100300,91.0
2100330,92.0
2100360,95.0
2100390,95.0
2100510,94.0
2100540,89.0
2100570,90.0
2100620,94.0
2100630,99.0
2100690,92.0
2100720,93.0
2100750,89.0
2100810,92.0
2100840,95.0
2100870,97.0
2100900,97.0
2100990,92.0
2101020,99.0
2101050,95.0
2101150,91.0
2101200,98.0
2101230,83.0
2101260,95.0
2101320,96.0
2101350,82.0
2101440,95.0
2101470,94.0
2101620,92.0
2101650,95.0
2101740,92.0
2101760,92.0
2101860,87.0
2101920,95.0
2101950,97.0
2102010,90.0
2102040,96.0
2102130,92.0
2102160,87.0
2102220,92.0
2102250,89.0
2102280,92.0
2102300,93.0
2102340,92.0
2102400,95.0
2102460,95.0
2102490,91.0
2102540,96.0
2102580,95.0
2102640,95.0
2102710,88.0
2102760,95.0
2102860,89.0
2102940,87.0
2102990,82.0
2103030,94.0
2103060,95.0
2103090,94.0
2103120,95.0
2103150,88.0
2103180,95.0
2103210,87.0
2103240,95.0
2103330,95.0
2103360,95.0
2103390,95.0
2103480,93.0
2103540,91.0
2103720,94.0
2103750,92.0
2103780,95.0
2103810,95.0
2103840,92.0
2103870,94.0
2103900,95.0
2103960,93.0
2103990,95.0
2104020,92.0
2104050,93.0
2104110,97.0
2104140,87.0
2104200,95.0
2104250,91.0
2104290,92.0
2104380,95.0
2104410,94.0
2104500,95.0
2104530,96.0
2104560,92.0
2104590,84.0
2104650,81.0
2104740,95.0
2104770,93.0
2104800,96.0
2104890,92.0
2104950,98.0
2105070,95.0
2105100,94.0
2105130,95.0
2105160,97.0
2105260,93.0
2105320,93.0
2105400,95.0
2105430,92.0
2105490,96.0
2105520,95.0
2105550,92.0
2105580,92.0
2105640,92.0
2105700,95.0
2105730,98.0
2105760,95.0
2105790,94.0
2105820,82.0
2105880,97.0
2106000,97.0
2200017,95.0
2200022,95.0
2200030,93.0
2200039,93.0
2200040,72.0
2200047,5.0
2200060,95.0
2200090,88.0
2200120,94.0
2200125,85.0
2200148,95.0
2200150,85.0
2200156,82.0
2200157,40.0
2200160,95.0
2200180,94.0
2200197,87.0
2200207,79.0
2200210,92.0
2200221,22.0
2200233,37.0
2200237,92.0
2200238,52.0
2200240,72.0
2200261,82.0
2200265,72.0
2200270,86.0
2200281,92.0
2200291,92.0
2200294,98.0
2200297,95.0
2200299,95.0
2200300,81.0
2200330,88.0
2200360,95.0
2200480,80.0
2200510,93.0
2200540,72.0
2200600,82.0
2200630,81.0
2200660,82.0
2200690,83.0
2200720,86.0
2200750,94.0
2200780,87.0
2200810,98.0
2200840,73.0
2200870,77.0
2200900,96.0
2200960,95.0
2200990,98.0
2201020,87.0
2201080,90.0
2201110,72.0
2201140,86.0
2201170,79.0
2201200,87.0
2201230,93.0
2201260,72.0
2201290,82.0
2201350,82.0
2201380,95.0
2201410,95.0
2201440,86.0
2201500,85.0
2201530,81.0
2201560,74.0
2201590,82.0
2201620,95.0
2201650,84.0
2201680,76.0
2201740,90.0
2201770,87.0
2201800,95.0
2201830,94.0
2201860,84.0
2201890,84.0
2201920,83.0
2201980,92.0
2202010,87.0
2300053,95.0
2302610,78.0
2302640,77.0
2302820,85.0
2303150,87.0
2303510,87.0
2303780,92.0
2303930,95.0
2305500,87.0
2305670,95.0
2306060,94.0
2306510,92.0
2307320,64.0
2308500,87.0
2309930,87.0
2310500,82.0
2310530,96.0
2310590,87.0
2310710,87.0
2310770,78.0
2310860,87.0
2311370,92.0
2311520,87.0
2311550,87.0
2311790,85.0
2312330,88.0
2313350,82.0
2313490,95.0
2313560,82.0
2313860,87.0
2314100,95.0
2314130,95.0
2314160,87.0
2314210,87.0
2314240,95.0
2314330,87.0
2314590,82.0
2314670,89.0
2314700,85.0
2314768,87.0
2314772,82.0
2314773,95.0
2314775,87.0
2314776,87.0
2314779,92.0
2314782,82.0
2314783,77.0
2314785,92.0
2314787,72.0
2314789,95.0
2314793,88.0
2314794,72.0
2314795,82.0
2314809,87.0
2314815,87.0
2314822,82.0
2400030,90.0
2400060,89.0
2400090,72.0
2400120,89.0
2400150,94.0
2400180,89.0
2400210,96.0
2400240,91.0
2400270,93.0
2400300,82.0
2400330,92.0
2400360,90.0
2400390,89.0
2400420,92.0
2400450,92.0
2400480,88.0
2400510,78.0
2400540,96.0
2400570,87.0
2400600,95.0
2400630,94.0
2400660,93.0
2400690,83.0
2400720,93.0
2500001,82.0
2500013,92.0
2500028,95.0
2500049,7.5
2500058,95.0
2500067,95.0
2500082,87.0
2500085,95.0
2500090,12.0
2500541,95.0
2500544,87.0
2500554,99.0
2500556,31.0
2501650,92.0
2501710,96.0
2501800,93.0
2501860,82.0
2501920,91.0
2501950,94.0
2501980,93.0
2502040,95.0
2502100,95.0
2502110,95.0
2502160,77.0
2502190,91.0
2502220,92.0
2502310,88.0
2502400,95.0
2502430,92.0
2502460,87.0
2502490,98.0
2502530,92.0
2502640,88.0
2502670,87.0
2502710,99.0
2502715,87.0
2502740,98.0
2502790,75.0
2502820,92.0
2502940,93.0
2503030,94.0
2503070,95.0
2503080,95.0
2503090,74.0
2503150,93.0
2503240,95.0
2503270,88.0
2503300,98.0
2503310,92.0
2503360,92.0
2503390,92.0
2503510,93.0
2503540,59.0
2503660,81.0
2503750,87.0
2503870,98.0
2503990,92.0
2504020,93.0
2504050,87.0
2504140,82.0
2504200,91.0
2504290,95.0
2504320,89.0
2504360,91.0
2504410,96.0
2504440,95.0
2504500,98.0
2504560,90.0
2504590,87.0
2504620,96.0
2504770,79.0
2504800,92.0
2504830,71.0
2504860,84.0
2504890,76.0
2504950,95.0
2504980,82.0
2505010,97.0
2505020,92.0
2505070,92.0
2505130,82.0
2505220,95.0
2505280,86.0
2505370,95.0
2505470,94.0
2505480,93.0
2505485,98.0
2505500,98.0
2505670,92.0
2505730,96.0
2505740,92.0
2505790,95.0
2505880,95.0
2505970,81.0
2506090,99.0
2506240,95.0
2506270,72.0
2506330,98.0
2506390,87.0
2506480,92.0
2506510,95.0
2506660,72.0
2506720,95.0
2506780,87.0
2506840,96.0
2506930,97.0
2506960,95.0
2506990,96.0
2507020,80.0
2507050,90.0
2507110,74.0
2507140,95.0
2507170,80.0
2507230,94.0
2507260,97.0
2507320,79.0
2507350,97.0
2507380,92.0
2507410,95.0
2507440,92.0
2507530,97.0
2507560,90.0
2507590,96.0
2507620,94.0
2507680,92.0
2507740,89.0
2507770,95.0
2507860,85.0
2507890,92.0
2507920,95.0
2507980,94.0
2507985,87.0
2508050,99.0
2508250,82.0
2508280,87.0
2508310,95.0
2508320,95.0
2508340,97.0
2508370,97.0
2508430,59.0
2508440,91.0
2508580,95.0
2508610,96.0
2508650,95.0
2508700,96.0
2508730,95.0
2508790,94.0
2508820,98.0
2508850,93.0
2508860,95.0
2508910,95.0
2508940,92.0
2508950,95.0
2508960,98.0
2509000,93.0
2509030,95.0
2509060,94.0
2509140,95.0
2509150,95.0
2509270,87.0
2509310,82.0
2509360,82.0
2509420,98.0
2509450,95.0
2509630,81.0
2509720,92.0
2509870,92.0
2509900,82.0
2509930,77.0
2509990,96.0
2510050,80.0
2510170,87.0
2510380,82.0
2510470,92.0
2510500,82.0
2510560,92.0
2510590,92.0
2510615,99.0
2510620,97.0
2510770,95.0
2510830,96.0
2510890,84.0
2510920,92.0
2510930,92.0
2511010,67.0
2511020,96.0
2511050,95.0
2511060,95.0
2511130,77.0
2511220,92.0
2511250,91.0
2511400,92.0
2511430,92.0
2511460,95.0
2511490,98.0
2511520,89.0
2511580,93.0
2511735,94.0
2511740,92.0
2511760,95.0
2511800,95.0
2511850,82.0
2511880,96.0
2511910,95.0
2511970,95.0
2512000,82.0
2512060,77.0
2512180,92.0
2512210,97.0
2512240,67.0
2512270,97.0
2512510,89.0
2512600,97.0
2512630,88.0
2512660,98.0
2512750,95.0
2512810,99.0
2512840,86.0
2512930,94.0
2512950,97.0
2513050,97.0
2513110,94.0
2513170,82.0
2513200,90.0
2513230,84.0
2600005,73.0
2600013,82.0
2600015,77.0
2600016,95.0
2600139,87.0
2600164,87.0
2600168,95.0
2600171,92.0
2600225,95.0
2600227,77.0
2600232,95.0
2600242,82.0
2600284,92.0
2600322,13.0
2600949,47.0
2600952,92.0
2600956,92.0
2600961,92.0
2600969,67.0
2600972,34.0
2600977,92.0
2600981,72.0
2600984,67.0
2600992,48.0
2600993,92.0
2601023,32.0
2601030,92.0
2601050,52.0
2601066,27.0
2601070,37.0
2601077,30.0
2601088,7.5
2601091,5.0
2601095,87.0
2601103,77.0
2601104,12.0
2601112,5.0
2601950,87.0
2601980,81.0
2602190,92.0
2602220,64.0
2602520,87.0
2602550,93.0
2602640,92.0
2602670,92.0
2602730,78.0
2602790,92.0
2602820,89.0
2603240,95.0
2603540,67.0
2603690,88.0
2603870,57.0
2603900,87.0
2604260,82.0
2604440,87.0
2604470,93.0
2604530,92.0
2604830,65.0
2604950,77.0
2605010,96.0
2605430,32.0
2605780,72.0
2605820,87.0
2605850,97.0
2606090,95.0
2606500,87.0
2606570,87.0
2606600,67.0
2606720,95.0
2606780,77.0
2606870,94.0
2606990,67.0
2607080,77.0
2607140,82.0
2607320,95.0
2607560,94.0
2607590,77.0
2607620,91.0
2607690,52.0
2607890,82.0
2608040,77.0
2608070,77.0
2608520,85.0
2608580,72.0
2608770,82.0
2608910,82.0
2608940,94.0
2609150,87.0
2609560,72.0
2609570,92.0
2609750,82.0
2609840,87.0
2609900,90.0
2609930,82.0
2610080,34.0
2610110,65.0
2610140,77.0
2610380,57.0
2610590,52.0
2610620,87.0
2610830,91.0
2610860,92.0
2611030,82.0
2611140,82.0
2611430,86.0
2611550,97.0
2611600,95.0
2611610,82.0
2611640,47.0
2611910,77.0
2612030,97.0
2612150,77.0
2612300,92.0
2612330,87.0
2612420,93.0
2612450,70.0
2612480,94.0
2612600,93.0
2612690,82.0
2612930,67.0
2612990,95.0
2613500,82.0
2613530,92.0
2614070,91.0
2614100,77.0
2614230,72.0
2614250,91.0
2614280,73.0
2614460,78.0
2614520,67.0
2614550,85.0
2614610,96.0
2614730,87.0
2614760,95.0
2614820,94.0
2615060,92.0
2615150,77.0
2615390,80.0
2615540,65.0
2615730,82.0
2615870,87.0
2615970,67.0
2615990,82.0
2616080,82.0
2616110,87.0
2616320,95.0
2616350,91.0
2616380,79.0
2616410,95.0
2616440,71.0
2616470,94.0
2616500,87.0
2617160,89.0
2617220,95.0
2617250,88.0
2617400,87.0
2617520,77.0
2617730,95.0
2617760,54.0
2617820,87.0
2617910,94.0
2617940,96.0
2617970,82.0
2618030,47.0
2618180,72.0
2618390,87.0
2618420,88.0
2618450,90.0
2618480,82.0
2618570,92.0
2618600,62.0
2618720,89.0
2618810,77.0
2618840,93.0
2618930,92.0
2618990,91.0
2619050,95.0
2619100,92.0
2619250,80.0
2619410,67.0
2619580,82.0
2619620,59.0
2619800,87.0
2619830,95.0
2619920,77.0
2619950,75.0
2620050,72.0
2620070,82.0
2620160,77.0
2620280,88.0
2620340,78.0
2620380,87.0
2620550,92.0
2620670,95.0
2620730,95.0
2620820,92.0
2620850,92.0
2620880,95.0
2620940,82.0
2620980,92.0
2621120,87.0
2621150,64.0
2621180,85.0
2621240,87.0
2621450,92.0
2621570,87.0
2621600,86.0
2621690,94.0
2621840,93.0
2621870,86.0
2622050,92.0
2622200,87.0
2622290,82.0
2622410,82.0
2622970,62.0
2623040,95.0
2623070,92.0
2623130,87.0
2623250,93.0
2623460,93.0
2623550,82.0
2623790,82.0
2623820,93.0
2623850,85.0
2623910,92.0
2624120,95.0
2624150,85.0
2624420,72.0
2624720,59.0
2624750,70.0
2624840,78.0
2624960,87.0
2625230,72.0
2625320,87.0
2625560,69.0
2625680,89.0
2625740,95.0
2625950,84.0
2625980,97.0
2626010,86.0
2626130,95.0
2626190,61.0
2626220,77.0
2626280,95.0
2626370,92.0
2626520,82.0
2626760,48.0
2627060,95.0
2627150,92.0
2627210,86.0
2627240,92.0
2627420,82.0
2627660,82.0
2627810,92.0
2627900,77.0
2627930,92.0
2628140,81.0
2628170,77.0
2628530,84.0
2628560,90.0
2628740,60.0
2628830,78.0
2628890,92.0
2628950,91.0
2629120,77.0
2629460,59.0
2629490,87.0
2629540,85.0
2629670,87.0
2629760,78.0
2629910,92.0
2629940,97.0
2630030,93.0
2630090,90.0
2630120,69.0
2630210,89.0
2630300,84.0
2630390,79.0
2630450,80.0
2630660,95.0
2630990,84.0
2631320,77.0
2631380,82.0
2632220,95.0
2632250,94.0
2632280,94.0
2632300,72.0
2632310,90.0
2632340,72.0
2632370,87.0
2632550,99.0
2632670,79.0
2632820,90.0
2632850,95.0
2632940,92.0
2633030,87.0
2633090,93.0
2633410,87.0
2633420,82.0
2633540,66.0
2633720,87.0
2633810,92.0
2633840,87.0
2633870,83.0
2633900,94.0
2633930,82.0
2634260,90.0
2634470,93.0
2634560,91.0
2634680,72.0
2634950,82.0
2635160,92.0
2635190,82.0
2635220,87.0
2635310,85.0
2635460,82.0
2635520,92.0
2635550,89.0
2635820,91.0
2635850,92.0
2635910,91.0
2635940,76.0
2635970,46.0
2636300,92.0
2636420,95.0
2636485,76.0
2636540,78.0
2636570,76.0
2636600,92.0
2636630,60.0
2636660,92.0
2700008,87.0
2700017,93.0
2700025,18.0
2700026,54.0
2700058,62.0
2700117,51.0
2700124,92.0
2700128,92.0
2700160,27.0
2700193,42.0
2700341,18.0
2700342,87.0
2700351,92.0
2700379,92.0
2702264,25.0
2702930,95.0
2702970,78.0
2703060,88.0
2703150,92.0
2703180,87.0
2703450,76.0
2703870,95.0
2704050,87.0
2704440,76.0
2705460,93.0
2705790,81.0
2706090,85.0
2706240,61.0
2707200,93.0
2707290,78.0
2707350,95.0
2707410,87.0
2708070,42.0
2708100,90.0
2708190,95.0
2709420,82.0
2709440,92.0
2709510,87.0
2709720,82.0
2710060,87.0
2710170,95.0
2710230,87.0
2710260,92.0
2711040,78.0
2711130,92.0
2711250,97.0
2711370,91.0
2711670,97.0
2711760,68.0
2711820,93.0
2711880,69.0
2712240,92.0
2712270,85.0
2712420,81.0
2713170,91.0
2713530,96.0
2713920,95.0
2713980,87.0
2714190,92.0
2714220,88.0
2714260,86.0
2714280,59.0
2714970,86.0
2715000,92.0
2715030,88.0
2715750,92.0
2716980,95.0
2717780,93.0
2718240,88.0
2718750,93.0
2718780,88.0
2718940,77.0
2720550,92.0
2720670,92.0
2721240,69.0
2721390,94.0
2721420,76.0
2721480,87.0
2722920,95.0
2722950,90.0
2723430,93.0
2723490,95.0
2723820,85.0
2723850,85.0
2723880,92.0
2723910,95.0
2725080,97.0
2725200,85.0
2728050,83.0
2728080,72.0
2728200,95.0
2728230,77.0
2728380,92.0
2730030,81.0
2730060,92.0
2730090,92.0
2730480,92.0
2731750,79.0
2731780,80.0
2731800,87.0
2732070,92.0
2732390,91.0
2732430,88.0
2732820,98.0
2732880,90.0
2733000,83.0
2733270,81.0
2733330,82.0
2733420,95.0
2733510,71.0
2733540,86.0
2733780,92.0
2733790,95.0
2733810,92.0
2733840,75.0
2733870,92.0
2738160,87.0
2738190,92.0
2738850,92.0
2740740,92.0
2741460,96.0
2741880,82.0
2741910,95.0
2742160,97.0
2742270,92.0
2742360,88.0
2742720,72.0
2744070,79.0
2744160,75.0
2800185,77.0
2800187,74.0
2800189,86.0
2800191,85.0
2800390,88.0
2800450,87.0
2800570,92.0
2800600,87.0
2800630,85.0
2800750,86.0
2800820,92.0
2800840,79.0
2800870,87.0
2800900,72.0
2801020,87.0
2801050,82.0
2801090,88.0
2801170,92.0
2801194,95.0
2801200,80.0
2801220,82.0
2801260,95.0
2801290,82.0
2801320,88.0
2801510,87.0
2801530,87.0
2801560,83.0
2801590,87.0
2801620,71.0
2801650,82.0
2801680,82.0
2801710,89.0
2801740,84.0
2801770,87.0
2801800,72.0
2801830,77.0
2801860,85.0
2801980,72.0
2802010,87.0
2802040,82.0
2802100,84.0
2802160,89.0
2802190,74.0
2802250,82.0
2802280,88.0
2802340,82.0
2802370,82.0
2802400,93.0
2802430,84.0
2802460,77.0
2802490,92.0
2802520,82.0
2802550,81.0
2802580,77.0
2802640,88.0
2802670,90.0
2802700,83.0
2802730,92.0
2802790,91.0
2802820,92.0
2802850,77.0
2802880,67.0
2802910,73.0
2802940,92.0
2803000,77.0
2803030,84.0
2803060,84.0
2803120,87.0
2803150,92.0
2803240,87.0
2803270,87.0
2803300,77.0
2803360,87.0
2803450,90.0
2803480,87.0
2803510,82.0
2803520,94.0
2803530,88.0
2803540,87.0
2803630,77.0
2803660,79.0
2803690,87.0
2803720,95.0
2803750,87.0
2803780,77.0
2803830,90.0
2803900,82.0
2803930,87.0
2803990,86.0
2804020,82.0
2804050,86.0
2804080,82.0
2804110,85.0
2804170,86.0
2804230,82.0
2804260,87.0
2804290,92.0
2804320,88.0
2804350,88.0
2804440,67.0
2804470,72.0
2804530,77.0
2804560,92.0
2804680,82.0
2804770,72.0
2804800,77.0
2900009,38.0
2900029,77.0
2900579,87.0
2900595,95.0
2901000,88.0
2902910,92.0
2904020,95.0
2904050,95.0
2904500,92.0
2904620,89.0
2905310,95.0
2905370,92.0
2905430,93.0
2905580,95.0
2905760,94.0
2906120,95.0
2906510,87.0
2906990,90.0
2907020,92.0
2907120,89.0
2907350,93.0
2907460,91.0
2908170,95.0
2908250,87.0
2908370,90.0
2908760,95.0
2909720,99.0
2909860,87.0
2910500,91.0
2910770,95.0
2911340,92.0
2911650,95.0
2911910,92.0
2912010,87.0
2912030,92.0
2912290,96.0
2912300,93.0
2912540,92.0
2912550,92.0
2913080,98.0
2913140,87.0
2913650,90.0
2913760,92.0
2913830,86.0
2914250,87.0
2914340,86.0
2914430,92.0
2914550,95.0
2915480,94.0
2915600,94.0
2916190,84.0
2916290,87.0
2916350,79.0
2916400,71.0
2916450,95.0
2916500,95.0
2916740,92.0
2916770,97.0
2917820,96.0
2917850,87.0
2918270,92.0
2918300,95.0
2918540,95.0
2918690,96.0
2919170,92.0
2920410,87.0
2920430,93.0
2920490,92.0
2920610,92.0
2920670,93.0
2920810,82.0
2921100,87.0
2921120,92.0
2921600,87.0
2921810,82.0
2921840,92.0
2922530,91.0
2922650,72.0
2922740,92.0
2922800,96.0
2922890,92.0
2923010,95.0
2923100,95.0
2923160,87.0
2923340,87.0
2923430,96.0
2923460,91.0
2923550,92.0
2923580,95.0
2923700,91.0
2923730,92.0
2924530,87.0
2925230,95.0
2925330,95.0
2925450,92.0
2925500,95.0
2926070,85.0
2926160,95.0
2926220,93.0
2926480,95.0
2926640,79.0
2926670,79.0
2926760,58.0
2926850,97.0
2926890,89.0
2927060,81.0
2927090,95.0
2927570,95.0
2927630,95.0
2927830,95.0
2927900,92.0
2928260,90.0
2928410,95.0
2928560,92.0
2928860,86.0
2928920,85.0
2928950,96.0
2929100,87.0
2929170,95.0
2929250,92.0
2929280,78.0
2929370,87.0
2929760,87.0
2930450,96.0
2930570,84.0
2930660,87.0
2931020,91.0
2931050,94.0
2931110,91.0
2931440,92.0
2931500,91.0
2931530,97.0
2931650,95.0
2931680,94.0
2932010,97.0
2932100,95.0
2932190,92.0
2932310,82.0
3003330,89.0
3003900,85.0
3004590,88.0
3005190,57.0
3005310,86.0
3007140,87.0
3007410,95.0
3007930,92.0
3011520,95.0
3013050,80.0
3013260,95.0
3013340,82.0
3013590,82.0
3013830,84.0
3015420,88.0
3016230,92.0
3018540,88.0
3020100,92.0
3021090,92.0
3024230,82.0
3027790,87.0
3100016,84.0
3100021,95.0
3100022,90.0
3100088,95.0
3100095,82.0
3100098,92.0
3102910,82.0
3103600,87.0
3103810,94.0
3103990,95.0
3104100,95.0
3105340,90.0
3170110,98.0
3170710,84.0
3171220,97.0
3171580,83.0
3172390,88.0
3172810,92.0
3172840,82.0
3173470,95.0
3173740,93.0
3174160,82.0
3174430,92.0
3174580,95.0
3174820,78.0
3175270,95.0
3175630,95.0
3175660,95.0
3175900,90.0
3176450,87.0
3176470,91.0
3176560,95.0
3176710,87.0
3176860,86.0
3178660,90.0
3179050,95.0
3200001,70.0
3200030,76.0
3200060,84.0
3200090,89.0
3200120,92.0
3200210,91.0
3200300,85.0
3200360,80.0
3200390,86.0
3200480,84.0
3200510,67.0
3300003,92.0
3300017,93.0
3300049,95.0
3301740,97.0
3301860,82.0
3301950,95.0
3302340,77.0
3302460,84.0
3302480,93.0
3302490,95.0
3302640,89.0
3302670,95.0
3302990,87.0
3303180,92.0
3303240,90.0
3303330,92.0
3303850,92.0
3303930,89.0
3304040,95.0
3304050,88.0
3304140,82.0
3304230,92.0
3304350,95.0
3304410,95.0
3304590,78.0
3304740,86.0
3304760,92.0
3304830,96.0
3304890,82.0
3304980,87.0
3305520,95.0
3305550,92.0
3305580,87.0
3305820,95.0
3305880,82.0
3305940,82.0
3306060,95.0
3306080,92.0
3306240,82.0
3306260,97.0
3306720,94.0
3307170,95.0
3307230,93.0
3307300,87.0
3307330,95.0
3307360,88.0
3399965,95.0
3400004,99.0
3400009,93.0
3400022,87.0
3400024,95.0
3400070,92.0
3400073,95.0
3400078,95.0
3400785,95.0
3400960,81.0
3400990,99.0
3401050,92.0
3401260,87.0
3401350,85.0
3401440,92.0
3401470,99.0
3401500,97.0
3401530,98.0
3401650,97.0
3401770,89.0
3401830,90.0
3401950,92.0
3402030,95.0
3402100,77.0
3402220,91.0
3402250,71.0
3402280,95.0
3402400,82.0
3402430,92.0
3402460,94.0
3402490,97.0
3402520,92.0
3402580,99.0
3402640,68.0
3402670,98.0
3402730,95.0
3402800,92.0
3402820,83.0
3402850,95.0
3402880,94.0
3402910,89.0
3403000,96.0
3403120,97.0
3403150,95.0
3403180,87.0
3403210,95.0
3403270,88.0
3403300,86.0
3403420,83.0
3403570,99.0
3403600,95.0
3403620,93.0
3403750,95.0
3403780,95.0
3403900,86.0
3403930,86.0
3403990,95.0
3404110,99.0
3404230,79.0
3404320,95.0
3404380,94.0
3404500,95.0
3404560,96.0
3404590,82.0
3404660,90.0
3404740,86.0
3404800,95.0
3404920,90.0
3404980,98.0
3405310,96.0
3405490,88.0
3405610,96.0
3405760,90.0
3405820,92.0
3405880,87.0
3405940,95.0
3405970,98.0
3406000,92.0
3406040,95.0
3406060,92.0
3406270,90.0
3406300,92.0
3406330,92.0
3406360,95.0
3406390,95.0
3406540,91.0
3406570,94.0
3406660,98.0
3406870,95.0
3406930,95.0
3406990,87.0
3407140,94.0
3407170,92.0
3407230,95.0
3407290,87.0
3407350,92.0
3407410,97.0
3407440,95.0
3407530,98.0
3407570,98.0
3407590,94.0
3407680,78.0
3407740,94.0
3407800,95.0
3407830,79.0
3407890,91.0
3407920,87.0
3407980,98.0
3408040,95.0
3408060,95.0
3408100,91.0
3408190,94.0
3408220,82.0
3408400,96.0
3408490,96.0
3408500,92.0
3408520,95.0
3408610,90.0
3408640,77.0
3408820,97.0
3408850,90.0
3408940,91.0
3409090,86.0
3409120,92.0
3409210,94.0
3409240,97.0
3409270,95.0
3409330,96.0
3409360,95.0
3409420,89.0
3409450,96.0
3409550,92.0
3409660,87.0
3409750,94.0
3409990,95.0
3410020,82.0
3410050,95.0
3410080,96.0
3410110,96.0
3410200,99.0
3410320,85.0
3410440,94.0
3410470,92.0
3410500,96.0
3410560,94.0
3410590,98.0
3410650,96.0
3410710,98.0
3410720,99.0
3410740,95.0
3410810,84.0
3410980,96.0
3411010,95.0
3411160,81.0
3411220,73.0
3411280,95.0
3411310,95.0
3411340,76.0
3411400,93.0
3411430,92.0
3411460,83.0
3411490,90.0
3411610,97.0
3411640,86.0
3411700,96.0
3411730,99.0
3411760,98.0
3411880,94.0
3411970,96.0
3411980,95.0
3412060,95.0
3412260,96.0
3412270,89.0
3412360,87.0
3412420,98.0
3412480,95.0
3412510,98.0
3412540,79.0
3412570,90.0
3412600,79.0
3412630,98.0
3412690,85.0
3412720,77.0
3412810,95.0
3412840,77.0
3412870,81.0
3412900,95.0
3412930,80.0
3412960,91.0
3412990,92.0
3413000,92.0
3413050,92.0
3413080,95.0
3413110,92.0
3413140,76.0
3413200,87.0
3413230,92.0
3413290,95.0
3413320,92.0
3413350,95.0
3413410,96.0
3413530,87.0
3413560,97.0
3413590,98.0
3413620,92.0
3413650,97.0
3413680,97.0
3413750,94.0
3413770,82.0
3413800,94.0
3413830,97.0
3414010,87.0
3414280,88.0
3414310,95.0
3414340,93.0
3414400,98.0
3414460,92.0
3414490,95.0
3414580,95.0
3414640,92.0
3414670,96.0
3414850,95.0
3414940,95.0
3415090,95.0
3415210,96.0
3415330,94.0
3415360,93.0
3415390,87.0
3415450,93.0
3415480,93.0
3415510,98.0
3415540,92.0
3415630,92.0
3415900,98.0
3415930,95.0
3416080,93.0
3416110,98.0
3416230,92.0
3416290,68.0
3416380,85.0
3416470,88.0
3416500,93.0
3416560,98.0
3416710,94.0
3416740,95.0
3416800,83.0
3416860,95.0
3416870,92.0
3416890,98.0
3416970,94.0
3417070,96.0
3417100,98.0
3417220,97.0
3417280,95.0
3417430,95.0
3417460,97.0
3417500,97.0
3417520,94.0
3417550,99.0
3417580,80.0
3417610,91.0
3417700,98.0
3417760,98.0
3417820,98.0
3417920,95.0
3418000,89.0
3418040,99.0
3418060,80.0
3418120,93.0
3418150,82.0
3418300,92.0
3418330,92.0
3500010,85.0
3500030,80.0
3500060,70.0
3500110,22.0
3500120,76.0
3500150,77.0
3500160,41.0
3500180,71.0
3500210,63.0
3500240,75.0
3500300,69.0
3500390,64.0
3500570,83.0
3500690,71.0
3500900,71.0
3500990,75.0
3501080,82.0
3501110,73.0
3501170,62.0
3501260,89.0
3501500,86.0
3501530,72.0
3501560,72.0
3501650,89.0
3501680,74.0
3501740,83.0
3501890,74.0
3502070,82.0
3502100,65.0
3502250,68.0
3502310,82.0
3502370,73.0
3502430,79.0
3502460,72.0
3502520,72.0
3600004,88.0
3600005,92.0
3600008,85.0
3600009,87.0
3600010,82.0
3600011,92.0
3600013,77.0
3600014,82.0
3600016,84.0
3600018,77.0
3600021,92.0
3600025,95.0
3600053,18.0
3600076,61.0
3600077,76.0
3600078,78.0
3600079,86.0
3600081,70.0
3600083,66.0
3600084,60.0
3600085,56.0
3600086,70.0
3600087,73.0
3600088,71.0
3600090,57.0
3600091,86.0
3600092,69.0
3600094,54.0
3600095,74.0
3600096,66.0
3600097,66.0
3600098,77.0
3600099,89.0
3600100,82.0
3600101,72.0
3600102,79.0
3600103,80.0
3600115,83.0
3600119,80.0
3600120,67.0
3600121,46.0
3600122,69.0
3600123,70.0
3600125,96.0
3600151,75.0
3600152,75.0
3600153,83.0
3601022,87.0
3601061,22.0
3601072,95.0
3601087,82.0
3601088,92.0
3601093,92.0
3601103,82.0
3602340,92.0
3602430,82.0
3602460,64.0
3602520,87.0
3602550,92.0
3602730,92.0
3602820,82.0
3602920,93.0
3602940,74.0
3602970,68.0
3603180,92.0
3603270,88.0
3603420,92.0
3603480,81.0
3603720,92.0
3603840,94.0
3603870,91.0
3603930,88.0
3603990,92.0
3604050,87.0
3604080,90.0
3604110,97.0
3604140,83.0
3604290,92.0
3604710,93.0
3604740,98.0
3604870,65.0
3605280,73.0
3605310,94.0
3605340,95.0
3605460,96.0
3605580,88.0
3605640,95.0
3605850,65.0
3605940,98.0
3606060,99.0
3606160,82.0
3606240,87.0
3606330,92.0
3606390,77.0
3606470,92.0
3606500,95.0
3606540,87.0
3606570,90.0
3606630,87.0
3606720,92.0
3606780,95.0
3606840,87.0
3606870,85.0
3606900,87.0
3606990,97.0
3607020,95.0
3607230,82.0
3607260,95.0
3607290,92.0
3607320,92.0
3607470,87.0
3607530,90.0
3607590,96.0
3607980,82.0
3608010,95.0
3608130,98.0
3608160,93.0
3608310,90.0
3608400,83.0
3608430,93.0
3608460,87.0
3608490,92.0
3608580,95.0
3608790,87.0
3608880,89.0
3608970,87.0
3609030,92.0
3609090,95.0
3609120,95.0
3609210,82.0
3609330,72.0
3609420,77.0
3609540,95.0
3609630,96.0
3609660,82.0
3609690,91.0
3609720,93.0
3609840,97.0
3609990,93.0
3610050,95.0
3610080,93.0
3610170,92.0
3610200,95.0
3610500,82.0
3610560,68.0
3610680,96.0
3610710,86.0
3610890,96.0
3610950,67.0
3610980,90.0
3611520,92.0
3611550,79.0
3611670,90.0
3611700,83.0
3611760,97.0
3611880,80.0
3611910,87.0
3611970,82.0
3612180,76.0
3612240,87.0
3612270,66.0
3612330,89.0
3612360,77.0
3612450,82.0
3612510,94.0
3612630,91.0
3612720,87.0
3612990,92.0
3613080,94.0
3613290,94.0
3613350,92.0
3613530,92.0
3613590,82.0
3613620,98.0
3613740,99.0
3613950,95.0
3613980,95.0
3614010,83.0
3614130,41.0
3614190,95.0
3614280,97.0
3614340,89.0
3614400,95.0
3614430,92.0
3614460,94.0
3614580,92.0
3614640,92.0
3614700,95.0
3614730,92.0
3614760,82.0
3614820,87.0
3614850,86.0
3614940,77.0
3614970,77.0
3615090,93.0
3615180,79.0
3615210,87.0
3615300,92.0
3615360,96.0
3615390,93.0
3615450,95.0
3615510,95.0
3615540,97.0
3615570,86.0
3615630,75.0
3615780,90.0
3615810,98.0
3615900,82.0
3615980,77.0
3615990,82.0
3616080,99.0
3616170,87.0
3616230,87.0
3616260,96.0
3616290,81.0
3616440,67.0
3616560,89.0
3616620,94.0
3616680,96.0
3616740,77.0
3616830,82.0
3616980,87.0
3617160,94.0
3617190,92.0
3617220,72.0
3617380,91.0
3617520,86.0
3617640,95.0
3617670,88.0
3617700,95.0
3617730,91.0
3617910,93.0
3618120,95.0
3618150,92.0
3618180,87.0
3618210,92.0
3618240,92.0
3618270,99.0
3618330,95.0
3618480,95.0
3618570,92.0
3618600,87.0
3618630,97.0
3618660,83.0
3618690,83.0
3618960,87.0
3619020,95.0
3619170,87.0
3619200,91.0
3619230,85.0
3619320,81.0
3619410,93.0
3619500,95.0
3619560,93.0
3619650,94.0
3619680,93.0
3619740,78.0
3619950,91.0
3620040,95.0
3620100,69.0
3620160,95.0
3620190,92.0
3620340,96.0
3620370,99.0
3620460,92.0
3620490,81.0
3620640,87.0
3620670,92.0
3620700,74.0
3620760,95.0
3620820,69.0
3620850,89.0
3620880,95.0
3620910,92.0
3621000,93.0
3621210,88.0
3621240,85.0
3621250,92.0
3621270,94.0
3621330,82.0
3621480,86.0
3621570,94.0
3621720,82.0
3621780,87.0
3621840,87.0
3621900,94.0
3622020,78.0
3622050,76.0
3622170,92.0
3622290,92.0
3622380,87.0
3622470,88.0
3622560,95.0
3622650,68.0
3622680,99.0
3622710,97.0
3622740,82.0
3622830,87.0
3622890,92.0
3622920,87.0
3623010,89.0
3623160,96.0
3623190,94.0
3623220,96.0
3623280,82.0
3623310,95.0
3623460,84.0
3623490,95.0
3623520,81.0
3623580,92.0
3623760,67.0
3624000,92.0
3624030,90.0
3624150,82.0
3624240,82.0
3624480,92.0
3624630,95.0
3624690,80.0
3624750,57.0
3624780,98.0
3624840,95.0
3624900,79.0
3624960,87.0
3624990,70.0
3625050,97.0
3625140,92.0
3625170,92.0
3625260,97.0
3625290,95.0
3625350,92.0
3625740,92.0
3625770,92.0
3625800,82.0
3625920,97.0
3625950,99.0
3625980,87.0
3626010,62.0
3626160,92.0
3626310,87.0
3626370,97.0
3626400,95.0
3626520,94.0
3626670,92.0
3626700,82.0
3626760,92.0
3626840,98.0
3626940,95.0
3627000,87.0
3627060,96.0
3627150,92.0
3627180,98.0
3627210,92.0
3627240,85.0
3627300,91.0
3627450,92.0
3627540,87.0
3627660,92.0
3627780,89.0
3627810,59.0
3628050,95.0
3628200,97.0
3628320,95.0
3628380,87.0
3628500,91.0
3628560,98.0
3628590,64.0
3628620,82.0
3628650,92.0
3628740,87.0
3628950,86.0
3629280,81.0
3629370,69.0
3629400,95.0
3629520,94.0
3629610,89.0
3629640,94.0
3629790,88.0
3629850,98.0
3629880,90.0
3629970,94.0
3630030,97.0
3630120,72.0
3630210,77.0
3630270,77.0
3630330,92.0
3630360,96.0
3630540,92.0
3630630,91.0
3630660,87.0
3630690,97.0
3630780,85.0
3630960,83.0
3631020,92.0
3631260,89.0
3631320,92.0
3631380,77.0
3631470,95.0
3631560,82.0
3631710,97.0
3631800,67.0
3631920,86.0
3631980,96.0
3700011,82.0
3700012,85.0
3700030,81.0
3700062,95.0
3700064,95.0
3700069,95.0
3700090,85.0
3700097,95.0
3700112,95.0
3700120,92.0
3700127,77.0
3700128,92.0
3700135,95.0
3700139,92.0
3700145,95.0
3700180,84.0
3700210,87.0
3700240,93.0
3700270,89.0
3700300,92.0
3700317,95.0
3700330,83.0
3700334,87.0
3700360,84.0
3700374,5.0
3700382,1.0
3700390,89.0
3700406,22.0
3700420,84.0
3700450,88.0
3700480,88.0
3700530,89.0
3700580,89.0
3700600,82.0
3700630,85.0
3700660,84.0
3700690,92.0
3700720,90.0
3700750,86.0
3700780,92.0
3700840,87.0
3700870,87.0
3700900,88.0
3700930,84.0
3700960,81.0
3701080,87.0
3701110,91.0
3701140,88.0
3701170,87.0
3701200,81.0
3701260,81.0
3701320,77.0
3701500,84.0
3701530,86.0
3701620,86.0
3701680,92.0
3701770,87.0
3701800,81.0
3701830,95.0
3701920,89.0
3701950,70.0
3702010,86.0
3702040,85.0
3702100,91.0
3702160,86.0
3702190,91.0
3702250,82.0
3702310,89.0
3702340,92.0
3702370,92.0
3702430,86.0
3702560,89.0
3702610,85.0
3702640,92.0
3702680,90.0
3702760,91.0
3702820,87.0
3702880,70.0
3702940,85.0
3702970,85.0
3703000,87.0
3703060,90.0
3703090,89.0
3703120,91.0
3703210,87.0
3703270,83.0
3703310,86.0
3703330,86.0
3703360,91.0
3703420,62.0
3703450,89.0
3703480,86.0
3703510,87.0
3703540,83.0
3703570,89.0
3703600,92.0
3703630,87.0
3703720,92.0
3703780,89.0
3703870,81.0
3703900,80.0
3703930,86.0
3703990,86.0
3704050,84.0
3704080,84.0
3704140,83.0
3704200,87.0
3704320,89.0
3704380,83.0
3704410,92.0
3704440,77.0
3704500,82.0
3704530,86.0
3704620,93.0
3704650,82.0
3704720,89.0
3704740,72.0
3704800,72.0
3704830,90.0
3704880,83.0
3704920,92.0
3704950,88.0
3705020,78.0
3705040,88.0
3705070,92.0
3800014,89.0
3800021,87.0
3800038,91.0
3802530,82.0
3805040,87.0
3806780,84.0
3808130,86.0
3811820,79.0
3813030,86.0
3819410,87.0
3819880,84.0
3900042,92.0
3900052,17.0
3900053,12.0
3900079,7.0
3900084,5.0
3900094,92.0
3900101,7.5
3900106,31.0
3900118,21.0
3900126,27.0
3900127,27.0
3900133,52.0
3900151,32.0
3900152,7.5
3900177,22.0
3900180,56.0
3900203,24.0
3900237,12.0
3900250,72.0
3900252,38.0
3900277,7.5
3900488,34.0
3900530,47.0
3900562,12.0
3901356,57.0
3901433,52.0
3901450,21.0
3901534,32.0
3904348,78.0
3904349,85.0
3904350,87.0
3904351,72.0
3904352,90.0
3904353,69.0
3904354,98.0
3904355,95.0
3904358,87.0
3904359,92.0
3904360,92.0
3904362,95.0
3904363,90.0
3904364,95.0
3904365,92.0
3904366,96.0
3904367,92.0
3904368,87.0
3904369,82.0
3904371,78.0
3904373,91.0
3904374,80.0
3904375,74.0
3904376,92.0
3904377,92.0
3904378,75.0
3904379,85.0
3904380,73.0
3904381,82.0
3904382,87.0
3904383,80.0
3904384,67.0
3904386,91.0
3904387,93.0
3904389,90.0
3904390,66.0
3904391,87.0
3904393,92.0
3904394,85.0
3904395,70.0
3904396,90.0
3904397,92.0
3904399,87.0
3904400,94.0
3904401,92.0
3904402,92.0
3904403,87.0
3904404,86.0
3904405,86.0
3904406,95.0
3904408,88.0
3904409,88.0
3904410,78.0
3904411,87.0
3904412,92.0
3904413,95.0
3904415,90.0
3904416,91.0
3904418,89.0
3904419,86.0
3904420,89.0
3904421,97.0
3904422,65.0
3904424,86.0
3904425,82.0
3904426,65.0
3904427,92.0
3904428,95.0
3904429,77.0
3904430,92.0
3904431,95.0
3904433,82.0
3904434,87.0
3904435,91.0
3904436,94.0
3904437,91.0
3904438,95.0
3904439,93.0
3904440,83.0
3904441,76.0
3904443,87.0
3904445,80.0
3904447,77.0
3904448,85.0
3904449,87.0
3904450,95.0
3904451,77.0
3904452,89.0
3904453,93.0
3904454,95.0
3904455,92.0
3904456,94.0
3904457,82.0
3904458,95.0
3904460,86.0
3904461,87.0
3904463,88.0
3904464,76.0
3904465,92.0
3904467,83.0
3904468,74.0
3904469,92.0
3904470,96.0
3904472,87.0
3904474,82.0
3904475,93.0
3904476,87.0
3904479,82.0
3904480,87.0
3904481,66.0
3904482,95.0
3904483,91.0
3904484,91.0
3904485,92.0
3904486,94.0
3904487,89.0
3904488,95.0
3904489,91.0
3904490,68.0
3904492,93.0
3904493,96.0
3904494,77.0
3904495,92.0
3904498,80.0
3904499,76.0
3904500,87.0
3904502,87.0
3904504,87.0
3904505,83.0
3904506,93.0
3904507,73.0
3904508,92.0
3904509,92.0
3904510,87.0
3904511,85.0
3904513,90.0
3904514,95.0
3904515,75.0
3904516,85.0
3904517,87.0
3904519,94.0
3904524,92.0
3904527,92.0
3904528,95.0
3904529,95.0
3904531,95.0
3904539,98.0
3904540,92.0
3904542,95.0
3904543,95.0
3904547,94.0
3904549,95.0
3904550,98.0
3904551,87.0
3904555,87.0
3904557,92.0
3904558,94.0
3904560,92.0
3904561,92.0
3904563,95.0
3904564,87.0
3904576,87.0
3904577,87.0
3904579,89.0
3904585,92.0
3904586,92.0
3904587,92.0
3904588,87.0
3904590,87.0
3904599,92.0
3904601,92.0
3904606,83.0
3904609,92.0
3904610,90.0
3904611,94.0
3904612,92.0
3904614,97.0
3904615,89.0
3904619,87.0
3904623,82.0
3904624,78.0
3904625,94.0
3904626,95.0
3904628,87.0
3904630,95.0
3904631,95.0
3904632,87.0
3904634,92.0
3904635,87.0
3904638,92.0
3904639,95.0
3904640,87.0
3904642,92.0
3904645,95.0
3904648,92.0
3904657,90.0
3904660,98.0
3904674,98.0
3904675,92.0
3904676,96.0
3904678,95.0
3904681,95.0
3904682,92.0
3904684,87.0
3904686,95.0
3904687,87.0
3904688,95.0
3904689,94.0
3904694,95.0
3904695,89.0
3904696,90.0
3904697,79.0
3904699,99.0
3904700,92.0
3904701,89.0
3904702,93.0
3904704,95.0
3904705,95.0
3904709,92.0
3904716,82.0
3904718,94.0
3904719,97.0
3904722,95.0
3904724,95.0
3904726,92.0
3904727,93.0
3904730,77.0
3904733,82.0
3904734,95.0
3904736,86.0
3904737,88.0
3904738,86.0
3904739,92.0
3904763,92.0
3904769,82.0
3904778,92.0
3904779,77.0
3904780,92.0
3904788,93.0
3904790,95.0
3904792,92.0
3904793,92.0
3904794,92.0
3904795,92.0
3904798,92.0
3904799,87.0
3904800,87.0
3904801,92.0
3904802,92.0
3904803,92.0
3904804,94.0
3904807,87.0
3904808,92.0
3904811,97.0
3904812,93.0
3904813,87.0
3904815,92.0
3904816,92.0
3904817,93.0
3904820,97.0
3904822,90.0
3904823,87.0
3904826,92.0
3904827,87.0
3904829,91.0
3904830,95.0
3904831,97.0
3904834,95.0
3904836,95.0
3904838,92.0
3904842,95.0
3904844,95.0
3904846,92.0
3904847,92.0
3904848,87.0
3904849,98.0
3904852,77.0
3904861,87.0
3904862,95.0
3904865,77.0
3904867,87.0
3904869,82.0
3904870,79.0
3904872,93.0
3904873,72.0
3904874,95.0
3904875,87.0
3904877,77.0
3904880,87.0
3904883,92.0
3904884,87.0
3904885,92.0
3904887,94.0
3904888,95.0
3904892,95.0
3904894,92.0
3904905,87.0
3904908,92.0
3904909,87.0
3904910,87.0
3904913,95.0
3904914,92.0
3904917,97.0
3904918,92.0
3904919,92.0
3904920,87.0
3904922,95.0
3904923,87.0
3904924,87.0
3904928,87.0
3904937,95.0
3904941,92.0
3904943,96.0
3904945,91.0
3904947,92.0
3904953,92.0
3904954,87.0
3904962,87.0
3904963,77.0
3904965,95.0
3904966,95.0
3904983,92.0
3904984,95.0
3904985,94.0
3904986,96.0
3904987,97.0
3904988,91.0
3904989,95.0
3904990,96.0
3904992,94.0
3904993,84.0
3904995,95.0
3904997,92.0
3904998,93.0
3904999,87.0
3905000,92.0
3905001,94.0
3905002,93.0
3905004,97.0
3905005,96.0
3905006,95.0
3905007,98.0
3905013,92.0
3905016,89.0
3905018,95.0
3905027,92.0
3905028,92.0
3905030,95.0
3905033,92.0
3905039,87.0
3905041,95.0
3905042,97.0
3905043,93.0
3905044,95.0
3905045,94.0
3905046,92.0
3905053,95.0
3905056,87.0
3905059,87.0
3905067,95.0
3905069,92.0
3905072,92.0
3906190,85.0
3906568,82.0
3910000,90.0
3910003,79.0
3910004,95.0
3910006,92.0
3910009,87.0
3910010,82.0
3910011,82.0
3910012,89.0
3910014,88.0
3910015,77.0
3910016,87.0
3910017,85.0
3910018,92.0
3910019,88.0
3910020,92.0
3910023,92.0
3910024,92.0
3910025,87.0
3910029,94.0
3910030,92.0
3910032,92.0
4000768,27.0
4000777,46.0
4000778,58.0
4000783,92.0
4000784,92.0
4000786,57.0
4000796,84.0
4000800,58.0
4002430,87.0
4002850,67.0
4003000,77.0
4003180,6.0
4003630,73.0
4003810,95.0
4004020,92.0
4004110,92.0
4004500,92.0
4004630,87.0
4004680,77.0
4005400,87.0
4005460,77.0
4005490,89.0
4005520,92.0
4006120,95.0
4006870,77.0
4007350,77.0
4007560,77.0
4007620,92.0
4007740,80.0
4008040,82.0
4008070,87.0
4008370,90.0
4008850,92.0
4009240,92.0
4009570,94.0
4010290,80.0
4010350,87.0
4010590,93.0
4010650,86.0
4010710,95.0
4010740,82.0
4010920,85.0
4011970,51.0
4012720,87.0
4013530,82.0
4013560,68.0
4013590,60.0
4013890,82.0
4014520,95.0
4015370,82.0
4015480,92.0
4015690,77.0
4015720,89.0
4017250,81.0
4017880,82.0
4018000,67.0
4018090,92.0
4018700,77.0
4018840,87.0
4019080,82.0
4019440,77.0
4019860,67.0
4019950,96.0
4020250,85.0
4020880,92.0
4020970,76.0
4021000,96.0
4021510,92.0
4021630,80.0
4021720,88.0
4022770,67.0
4022800,72.0
4023040,87.0
4023280,92.0
4023550,82.0
4023970,92.0
4024240,92.0
4024690,93.0
4024870,82.0
4025200,87.0
4025230,87.0
4025290,81.0
4026790,72.0
4026880,80.0
4026910,86.0
4027300,82.0
4027390,87.0
4027570,77.0
4027750,83.0
4028650,82.0
4028680,87.0
4028710,82.0
4029160,87.0
4029380,90.0
4029610,92.0
4030240,75.0
4030420,95.0
4030600,89.0
4030870,82.0
4031290,67.0
4031350,87.0
4032070,87.0
4032370,72.0
4033180,87.0
4033480,94.0
4100020,87.0
4100023,84.0
4100043,27.0
4100048,75.0
4101120,86.0
4101560,86.0
4101620,77.0
4101710,79.0
4101920,86.0
4101980,82.0
4102040,66.0
4102310,72.0
4102640,87.0
4102780,87.0
4102800,72.0
4102840,82.0
4102940,83.0
4103390,62.0
4103420,92.0
4103480,87.0
4103660,65.0
4103720,78.0
4103860,76.0
4103940,76.0
4104500,72.0
4104700,62.0
4104740,74.0
4104950,62.0
4105100,77.0
4105160,80.0
4105610,87.0
4105910,73.0
4106000,73.0
4106300,74.0
4106510,86.0
4106740,77.0
4106900,75.0
4106930,82.0
4107020,79.0
4107080,63.0
4107200,87.0
4107230,93.0
4107380,77.0
4107500,82.0
4108010,91.0
4108040,81.0
4108100,59.0
4108160,82.0
4108280,22.0
4108310,77.0
4108520,82.0
4108720,84.0
4108820,55.0
4108830,85.0
4108880,82.0
4109270,87.0
4109330,85.0
4109480,79.0
4109510,81.0
4109600,87.0
4109630,77.0
4110040,80.0
4110350,83.0
4110520,68.0
4110710,62.0
4110820,77.0
4110890,82.0
4110980,92.0
4111100,72.0
4111290,97.0
4111450,90.0
4111490,87.0
4111580,76.0
4111610,77.0
4111670,73.0
4111720,74.0
4111940,82.0
4111970,72.0
4112240,87.0
4112320,82.0
4112600,82.0
4113170,95.0
4113490,67.0
4113530,89.0
4200013,87.0
4200036,92.0
4200038,87.0
4200051,95.0
4200053,92.0
4200061,95.0
4200071,50.0
4200074,99.0
4200075,95.0
4200076,92.0
4200077,95.0
4200079,92.0
4200088,78.0
4200091,54.0
4200094,95.0
4200099,95.0
4200107,95.0
4200115,57.0
4200119,66.0
4200125,62.0
4200127,76.0
4200128,52.0
4200140,49.0
4200143,95.0
4200144,87.0
4200145,92.0
4200824,92.0
4200843,69.0
4200848,52.0
4200851,83.0
4200856,72.0
4200882,42.0
4200886,87.0
4202010,94.0
4202040,92.0
4202100,92.0
4202280,72.0
4202340,85.0
4202400,98.0
4202440,87.0
4202490,92.0
4202590,88.0
4202600,95.0
4202670,87.0
4202790,94.0
4202850,98.0
4202910,95.0
4202970,90.0
4203000,84.0
4203120,92.0
4203180,92.0
4203210,92.0
4203240,91.0
4203330,79.0
4203450,92.0
4203480,87.0
4203510,97.0
4203570,81.0
4203630,82.0
4203660,94.0
4203688,96.0
4203750,92.0
4203840,95.0
4203870,88.0
4203960,94.0
4204020,87.0
4204050,92.0
4204080,82.0
4204140,95.0
4204230,86.0
4204500,92.0
4204530,95.0
4204590,88.0
4204740,95.0
4204860,92.0
4204890,94.0
4204980,92.0
4205010,89.0
4205040,92.0
4205160,92.0
4205190,93.0
4205310,96.0
4205340,95.0
4205370,92.0
4205400,86.0
4205430,92.0
4205460,94.0
4205490,94.0
4205550,84.0
4205640,87.0
4205700,97.0
4205730,95.0
4205760,87.0
4205860,36.0
4205880,92.0
4205910,84.0
4206150,87.0
4206240,84.0
4206270,93.0
4206360,77.0
4206365,95.0
4206480,93.0
4206550,90.0
4206590,87.0
4206660,79.0
4206780,93.0
4206840,88.0
4206860,87.0
4206960,97.0
4207080,91.0
4207110,95.0
4207200,94.0
4207230,93.0
4207290,92.0
4207320,95.0
4207385,98.0
4207530,91.0
4207540,92.0
4207560,92.0
4207590,96.0
4207650,89.0
4207680,85.0
4207710,97.0
4207830,89.0
4207980,92.0
4208060,87.0
4208460,92.0
4208490,95.0
4208550,93.0
4208580,89.0
4208670,83.0
4208790,92.0
4208820,92.0
4208850,88.0
4209090,95.0
4209120,91.0
4209240,95.0
4209270,88.0
4209300,74.0
4209480,90.0
4209570,95.0
4209600,92.0
4209780,95.0
4209940,95.0
4209990,95.0
4210070,98.0
4210110,92.0
4210200,92.0
4210230,96.0
4210380,92.0
4210440,95.0
4210590,97.0
4210620,89.0
4210650,92.0
4210710,95.0
4210740,92.0
4210860,89.0
4210870,95.0
4210920,87.0
4210950,86.0
4210980,95.0
4211010,93.0
4211160,95.0
4211220,87.0
4211340,92.0
4211400,99.0
4211420,87.0
4211450,87.0
4211490,92.0
4211580,65.0
4211610,96.0
4211670,96.0
4211700,77.0
4211730,92.0
4211760,91.0
4211790,92.0
4211820,92.0
4211880,77.0
4211940,97.0
4212030,92.0
4212090,95.0
4212150,89.0
4212170,85.0
4212480,87.0
4212540,87.0
4212600,92.0
4212690,93.0
4212725,93.0
4212750,92.0
4212840,90.0
4212930,95.0
4213020,92.0
4213050,92.0
4213080,95.0
4213110,91.0
4213140,77.0
4213320,91.0
4213390,92.0
4213440,68.0
4213500,92.0
4213590,95.0
4213710,95.0
4213770,92.0
4213980,95.0
4214100,95.0
4214160,97.0
4214190,95.0
4214250,93.0
4214310,92.0
4214550,91.0
4214580,92.0
4214730,92.0
4214760,92.0
4214790,99.0
4214880,95.0
4214940,83.0
4215030,94.0
4215120,95.0
4215170,87.0
4215210,92.0
4215240,92.0
4215290,91.0
4215330,92.0
4215480,87.0
4215540,95.0
4215720,97.0
4215750,87.0
4215810,95.0
4215830,95.0
4215990,82.0
4216020,92.0
4216110,97.0
4216170,92.0
4216200,92.0
4216290,77.0
4216380,95.0
4216410,92.0
4216440,95.0
4216500,84.0
4216530,92.0
4216620,92.0
4216740,77.0
4216860,87.0
4216980,80.0
4217010,92.0
4217160,92.0
4217220,95.0
4217280,95.0
4217310,92.0
4217370,89.0
4217430,92.0
4217520,87.0
4217640,87.0
4217670,95.0
4217730,92.0
4217760,94.0
4217850,95.0
4217880,95.0
4217940,95.0
4218030,89.0
4218090,92.0
4218150,95.0
4218270,96.0
4218300,92.0
4218330,95.0
4218360,92.0
4218390,93.0
4218450,87.0
4218510,95.0
4218570,87.0
4218580,96.0
4218590,83.0
4218630,90.0
4218660,98.0
4218740,96.0
4218750,93.0
4218810,92.0
4218840,95.0
4218900,87.0
4218930,97.0
4218960,99.0
4218990,63.0
4219020,92.0
4219050,92.0
4219140,87.0
4219170,79.0
4219200,88.0
4219290,88.0
4219350,96.0
4219470,93.0
4219500,93.0
4219650,93.0
4219680,66.0
4219710,86.0
4219800,92.0
4219860,95.0
4219890,93.0
4219920,98.0
4220040,67.0
4220100,91.0
4220220,95.0
4220250,95.0
4220370,90.0
4220400,94.0
4220550,96.0
4220580,94.0
4220640,92.0
4220730,92.0
4220910,95.0
4220970,92.0
4221090,79.0
4221120,87.0
4221150,95.0
4221200,92.0
4221240,82.0
4221330,92.0
4221420,92.0
4221540,77.0
4221570,88.0
4221660,92.0
4221810,84.0
4221840,92.0
4221870,91.0
4221910,87.0
4221930,94.0
4222050,92.0
4222060,92.0
4222170,92.0
4222260,95.0
4222350,95.0
4222370,87.0
4222380,93.0
4222400,81.0
4222410,95.0
4222440,96.0
4222470,92.0
4222530,95.0
4222560,96.0
4222590,93.0
4222600,96.0
4222620,92.0
4222740,87.0
4222770,95.0
4222790,87.0
4222860,88.0
4223010,95.0
4223040,87.0
4223220,87.0
4223250,82.0
4223490,92.0
4223550,92.0
4223640,98.0
4223760,91.0
4223790,82.0
4223820,92.0
4223850,92.0
4224000,89.0
4224030,92.0
4224150,80.0
4224210,96.0
4224300,87.0
4224320,83.0
4224360,87.0
4224390,98.0
4224480,92.0
4224510,97.0
4224540,92.0
4224570,96.0
4224650,92.0
4224750,93.0
4224790,96.0
4224820,88.0
4224870,92.0
4224960,97.0
4224970,89.0
4224990,82.0
4225080,95.0
4225110,90.0
4225170,87.0
4225200,93.0
4225290,96.0
4225590,96.0
4225680,90.0
4225740,87.0
4225830,90.0
4225870,92.0
4225950,89.0
4225980,95.0
4226010,92.0
4226070,92.0
4226130,95.0
4226250,94.0
4226300,85.0
4226390,73.0
4226460,82.0
4226520,87.0
4226550,95.0
4226580,94.0
4226730,87.0
4226760,95.0
4226810,94.0
4226820,59.0
4226850,94.0
4280090,98.0
4280220,92.0
4400003,92.0
4400004,92.0
4400030,97.0
4400065,86.0
4400090,82.0
4400120,77.0
4400150,88.0
4400210,92.0
4400240,86.0
4400270,82.0
4400300,95.0
4400330,86.0
4400360,95.0
4400420,92.0
4400540,92.0
4400570,87.0
4400630,87.0
4400660,87.0
4400720,82.0
4400750,89.0
4400780,86.0
4400810,82.0
4400840,79.0
4400870,95.0
4400900,75.0
4400960,92.0
4400990,92.0
4401020,94.0
4401050,87.0
4401110,83.0
4401140,85.0
4401170,82.0
4401200,72.0
4500001,1.0
4500002,92.0
4500690,84.0
4500720,89.0
4500750,72.0
4500780,90.0
4500810,84.0
4500840,92.0
4500870,85.0
4500900,83.0
4500930,77.0
4501080,82.0
4501110,86.0
4501170,84.0
4501250,87.0
4501440,84.0
4501500,83.0
4501530,84.0
4501560,83.0
4501770,80.0
4501830,85.0
4501860,88.0
4501920,86.0
4501950,87.0
4502010,89.0
4502070,86.0
4502100,86.0
4502130,82.0
4502190,75.0
4502250,87.0
4502280,86.0
4502310,84.0
4502340,82.0
4502400,92.0
4502430,87.0
4502490,82.0
4502520,72.0
4502550,86.0
4502580,83.0
4502610,80.0
4502640,78.0
4502670,92.0
4502700,90.0
4502730,78.0
4502760,82.0
4502790,76.0
4502820,91.0
4502970,80.0
4503030,88.0
4503060,84.0
4503150,77.0
4503180,81.0
4503210,85.0
4503330,84.0
4503360,78.0
4503390,87.0
4503420,1.0
4503460,77.0
4503480,91.0
4503510,87.0
4503540,84.0
4503570,83.0
4503600,87.0
4503630,89.0
4503660,86.0
4503750,76.0
4503780,81.0
4503810,85.0
4503840,91.0
4503870,83.0
4503900,94.0
4503901,64.0
4503902,81.0
4503904,95.0
4503907,95.0
4503908,75.0
4602070,88.0
4605610,92.0
4607950,96.0
4608520,87.0
4612300,32.0
4619410,92.0
4631350,89.0
4631710,95.0
4635480,67.0
4636990,92.0
4641300,67.0
4648390,92.0
4655260,82.0
4659820,75.0
4666270,84.0
4666930,92.0
4669930,82.0
4672090,62.0
4676620,87.0
4680430,95.0
4700001,95.0
4700060,95.0
4700090,96.0
4700144,92.0
4700147,54.0
4700148,79.0
4700149,95.0
4700150,89.0
4700151,94.0
4700152,97.0
4700153,97.0
4700180,91.0
4700240,95.0
4700270,92.0
4700300,94.0
4700330,92.0
4700360,93.0
4700420,92.0
4700450,92.0
4700510,91.0
4700570,91.0
4700600,95.0
4700630,93.0
4700690,94.0
4700750,92.0
4700780,93.0
4700850,98.0
4700900,92.0
4700960,92.0
4700990,92.0
4701020,94.0
4701050,95.0
4701080,87.0
4701110,92.0
4701170,93.0
4701290,91.0
4701400,94.0
4701410,93.0
4701440,97.0
4701470,93.0
4701500,98.0
4701530,92.0
4701590,87.0
4701650,84.0
4701680,92.0
4701740,97.0
4701770,92.0
4701800,95.0
4701830,94.0
4701860,91.0
4701980,92.0
4702070,92.0
4702100,95.0
4702130,93.0
4702160,95.0
4702190,96.0
4702220,90.0
4702310,98.0
4702340,96.0
4702400,92.0
4702430,87.0
4702490,95.0
4702520,95.0
4702550,88.0
4702580,86.0
4702640,87.0
4702670,95.0
4702700,97.0
4702760,88.0
4702790,95.0
4702820,93.0
4702880,95.0
4702910,95.0
4702970,95.0
4703000,90.0
4703030,94.0
4703090,99.0
4703180,80.0
4703240,88.0
4703270,87.0
4703330,92.0
4703450,95.0
4703480,90.0
4703510,91.0
4703590,94.0
4703600,95.0
4703690,96.0
4703720,95.0
4703750,92.0
4703780,90.0
4703870,94.0
4703960,95.0
4703990,95.0
4704020,94.0
4704080,97.0
4704200,88.0
4704230,92.0
4704260,92.0
4704290,92.0
4704350,96.0
4704380,93.0
4704440,95.0
4704470,93.0
4704500,92.0
4704530,96.0
4704550,96.0
4800004,43.0
4800008,98.0
4800009,95.0
4800010,89.0
4800011,95.0
4800016,42.0
4800020,77.0
4800030,97.0
4800055,99.0
4800075,26.0
4800115,72.0
4800133,77.0
4800163,93.0
4800174,67.0
4800179,95.0
4800202,35.0
4800204,95.0
4800205,60.0
4800207,54.0
4800209,94.0
4800210,97.0
4800211,99.0
4800235,87.0
4800236,36.0
4800241,97.0
4800264,92.0
4800266,95.0
4800271,99.0
4800274,95.0
4800292,95.0
4801405,95.0
4801440,97.0
4801448,27.0
4807350,91.0
4807440,91.0
4807470,95.0
4807590,97.0
4807710,79.0
4807780,99.0
4807800,85.0
4807830,90.0
4807890,96.0
4808090,94.0
4808130,89.0
4808190,95.0
4808280,95.0
4808310,95.0
4808340,93.0
4808550,93.0
4808580,92.0
4808670,95.0
4808700,86.0
4808870,94.0
4808880,95.0
4808910,95.0
4808940,92.0
4809200,97.0
4809360,87.0
4809450,98.0
4809570,95.0
4809630,91.0
4809670,83.0
4809720,92.0
4809810,95.0
4809860,95.0
4810200,87.0
4810230,92.0
4810260,95.0
4810710,99.0
4810800,92.0
4810890,97.0
4810990,95.0
4811190,86.0
4811220,87.0
4811280,93.0
4811310,96.0
4811340,92.0
4811460,95.0
4811580,92.0
4811610,95.0
4811640,95.0
4811680,92.0
4811700,96.0
4811790,84.0
4812060,95.0
4812120,88.0
4812180,94.0
4812220,95.0
4812390,95.0
4812420,96.0
4812460,95.0
4812480,93.0
4812640,95.0
4812750,95.0
4812780,94.0
4812810,95.0
4812990,92.0
4813020,99.0
4813050,95.0
4813110,95.0
4813170,90.0
4813230,94.0
4813290,95.0
4813320,92.0
4813500,95.0
4813530,90.0
4813590,87.0
4813650,92.0
4813960,99.0
4814280,95.0
4814310,92.0
4814370,82.0
4814430,93.0
4814520,87.0
4814670,93.0
4814700,92.0
4814730,95.0
4814820,95.0
4814850,95.0
4814970,92.0
4815000,93.0
4815180,98.0
4815210,98.0
4815240,93.0
4815270,89.0
4815330,93.0
4815400,87.0
4815510,98.0
4815750,89.0
4815910,93.0
4815930,92.0
4815960,95.0
4816110,93.0
4816200,95.0
4816230,87.0
4816410,96.0
4816500,96.0
4816530,88.0
4816620,90.0
4816710,92.0
4816740,95.0
4816770,95.0
4816860,91.0
4816950,92.0
4817040,95.0
4817070,86.0
4817390,85.0
4817610,98.0
4817640,92.0
4817700,95.0
4817730,92.0
4817760,98.0
4817850,90.0
4818000,82.0
4818060,91.0
4818150,87.0
4818180,88.0
4818210,95.0
4818280,97.0
4818300,84.0
4818360,91.0
4818540,95.0
4818720,95.0
4818810,94.0
4818900,87.0
4818940,95.0
4819080,92.0
4819170,95.0
4819350,92.0
4819380,89.0
4819560,97.0
4819650,95.0
4819700,86.0
4819830,97.0
4819840,96.0
4819950,97.0
4820010,98.0
4820160,95.0
4820190,92.0
4820220,92.0
4820250,89.0
4820280,85.0
4820340,92.0
4820500,95.0
4820600,96.0
4820640,95.0
4820700,92.0
4820760,92.0
4820850,95.0
4820960,92.0
4821060,92.0
4821150,90.0
4821360,95.0
4821390,93.0
4821420,90.0
4821450,95.0
4821660,97.0
4821720,90.0
4821750,95.0
4821780,92.0
4821810,95.0
4822170,82.0
4822320,95.0
4822410,95.0
4822470,93.0
4822530,90.0
4822970,95.0
4823010,83.0
4823100,94.0
4823250,98.0
4823280,95.0
4823430,95.0
4823640,79.0
4823790,95.0
4823820,98.0
4823910,94.0
4824000,95.0
4824030,84.0
4824060,96.0
4824100,92.0
4824180,95.0
4824260,95.0
4824420,92.0
4824590,87.0
4824600,95.0
4824630,92.0
4824930,97.0
4824990,85.0
4825170,94.0
4825200,97.0
4825260,94.0
4825320,95.0
4825500,91.0
4825590,95.0
4825620,95.0
4825660,87.0
4825680,85.0
4825740,93.0
4825980,95.0
4826040,90.0
4826100,92.0
4826130,85.0
4826190,92.0
4826280,87.0
4826310,98.0
4826400,95.0
4826430,98.0
4826470,95.0
4826490,87.0
4826580,93.0
4826610,95.0
4826640,98.0
4826670,99.0
4826790,94.0
4827030,97.0
4827240,87.0
4827300,95.0
4827390,92.0
4827420,96.0
4827450,92.0
4827510,97.0
4827690,98.0
4827720,95.0
4827780,92.0
4827810,95.0
4827870,90.0
4828110,95.0
4828200,95.0
4828290,94.0
4828380,99.0
4828500,89.0
4828550,91.0
4828620,92.0
4828650,92.0
4828680,96.0
4828710,95.0
4828740,93.0
4828890,86.0
4828920,94.0
4829010,94.0
4829100,95.0
4829160,90.0
4829670,94.0
4829820,95.0
4829850,97.0
4830060,99.0
4830120,95.0
4830250,96.0
4830390,90.0
4830420,92.0
4830570,89.0
4830600,91.0
4830640,97.0
4830930,95.0
4830950,97.0
4831040,91.0
4831170,95.0
4831260,97.0
4831760,96.0
4831770,95.0
4832090,91.0
4832160,95.0
4832190,92.0
4832280,93.0
4832310,96.0
4832340,95.0
4832370,95.0
4832400,93.0
4832940,91.0
4833010,96.0
4833120,94.0
4833180,94.0
4833720,95.0
4833780,95.0
4834050,97.0
4834170,94.0
4834290,94.0
4834320,88.0
4834440,97.0
4834470,92.0
4834550,92.0
4834650,95.0
4834830,97.0
4834860,91.0
4834980,93.0
4835010,95.0
4835070,92.0
4835100,95.0
4835130,95.0
4835190,95.0
4835250,92.0
4835310,95.0
4835400,86.0
4835430,94.0
4835520,95.0
4835570,95.0
4835580,92.0
4835800,92.0
4835850,92.0
4835910,87.0
4836000,99.0
4836240,91.0
4836360,87.0
4836450,95.0
4836540,87.0
4836660,94.0
4836970,77.0
4837020,88.0
4837140,93.0
4837150,99.0
4837170,92.0
4837410,95.0
4837440,91.0
4837590,87.0
4837650,97.0
4837740,89.0
4838080,95.0
4838190,95.0
4838220,96.0
4838360,92.0
4838580,95.0
4838700,89.0
4838730,82.0
4838790,91.0
4838820,92.0
4838850,87.0
4838900,82.0
4838970,87.0
4839180,89.0
4839270,93.0
4839480,96.0
4839630,92.0
4839690,90.0
4839750,92.0
4839870,95.0
4839930,97.0
4839990,90.0
4840020,92.0
4840080,88.0
4840230,95.0
4840350,95.0
4840550,95.0
4840650,92.0
4840680,78.0
4840710,90.0
4840740,92.0
4840920,89.0
4840950,93.0
4841070,96.0
4841100,90.0
4841190,95.0
4841220,83.0
4841280,87.0
4841350,93.0
4841520,97.0
4841820,90.0
4841880,95.0
4841970,95.0
4842030,92.0
4842210,95.0
4842240,95.0
4842280,92.0
4842300,95.0
4842330,84.0
4842450,93.0
4842480,93.0
4842510,86.0
4842960,96.0
4843350,98.0
4843470,91.0
4843650,95.0
4843720,87.0
4843800,95.0
4843890,95.0
4843920,98.0
4844010,95.0
4844110,92.0
4844150,90.0
4844160,89.0
4844280,73.0
4844430,97.0
4844730,88.0
4844800,97.0
4844960,91.0
4845090,87.0
4845120,92.0
4845380,95.0
4845480,95.0
4845540,86.0
4845600,91.0
4845630,95.0
4845720,92.0
4845780,98.0
4845900,85.0
4845950,87.0
4846200,95.0
4846500,97.0
4846530,96.0
4846620,95.0
4846680,90.0
4846710,91.0
5000007,82.0
5000394,87.0
5099901,87.0
5099903,92.0
5099904,87.0
5099905,81.0
5099907,92.0
5099910,92.0
5099912,95.0
5099914,93.0
5099915,70.0
5099916,93.0
5099920,87.0
5099921,82.0
5099923,88.0
5099925,82.0
5099926,87.0
5099931,77.0
5099932,92.0
5099940,88.0
5099942,92.0
5099948,77.0
5099954,92.0
5099956,77.0
5100060,83.0
5100090,90.0
5100120,75.0
5100152,86.0
5100180,92.0
5100210,91.0
5100240,92.0
5100270,85.0
5100300,92.0
5100360,89.0
5100420,95.0
5100450,82.0
5100480,87.0
5100510,89.0
5100540,92.0
5100600,90.0
5100660,79.0
5100690,87.0
5100750,87.0
5100780,88.0
5100810,90.0
5100840,88.0
5100870,95.0
5100960,89.0
5101050,89.0
5101080,92.0
5101110,75.0
5101140,92.0
5101170,82.0
5101200,92.0
5101260,86.0
5101290,97.0
5101320,94.0
5101350,92.0
5101380,94.0
5101440,87.0
5101470,92.0
5101510,81.0
5101590,87.0
5101620,88.0
5101650,90.0
5101690,87.0
5101710,93.0
5101740,82.0
5101770,85.0
5101800,87.0
5101830,94.0
5101860,83.0
5101890,89.0
5101920,83.0
5101980,82.0
5102010,93.0
5102100,91.0
5102120,87.0
5102190,82.0
5102250,93.0
5102280,89.0
5102310,77.0
5102340,85.0
5102360,68.0
5102370,87.0
5102390,84.0
5102400,82.0
5102430,87.0
5102460,82.0
5102490,87.0
5102520,91.0
5102580,87.0
5102610,90.0
5102640,88.0
5102670,78.0
5102710,92.0
5102730,92.0
5102790,87.0
5102820,92.0
5102850,96.0
5102880,87.0
5102910,74.0
5102940,88.0
5102980,92.0
5103000,82.0
5103030,92.0
5103060,82.0
5103090,89.0
5103130,88.0
5103150,90.0
5103180,87.0
5103240,66.0
5103300,81.0
5103330,92.0
5103370,88.0
5103390,92.0
5103420,87.0
5103460,93.0
5103480,90.0
5103510,93.0
5103520,90.0
5103600,82.0
5103640,88.0
5103660,92.0
5103690,84.0
5103710,85.0
5103810,82.0
5103840,90.0
5103870,89.0
5103900,90.0
5103930,82.0
5103980,87.0
5104020,90.0
5104050,80.0
5104080,94.0
5104110,92.0
5104150,95.0
5300001,92.0
5300003,89.0
5300011,1.0
5300030,80.0
5300150,92.0
5300240,91.0
5300300,88.0
5300313,7.0
5300330,94.0
5300380,82.0
5300390,94.0
5300420,95.0
5300480,95.0
5300570,92.0
5300660,76.0
5300780,92.0
5300810,94.0
5300950,95.0
5300960,95.0
5301080,93.0
5301110,92.0
5301140,82.0
5301170,91.0
5301200,95.0
5301230,90.0
5301320,72.0
5301410,97.0
5301630,87.0
5302070,95.0
5302280,81.0
5302310,86.0
5302370,95.0
5302400,92.0
5302460,95.0
5302490,92.0
5302610,95.0
5302670,97.0
5302700,91.0
5302820,91.0
5302850,89.0
5302880,95.0
5302940,95.0
5303150,93.0
5303180,92.0
5303210,87.0
5303540,86.0
5303570,95.0
5303660,87.0
5303750,95.0
5303930,83.0
5303960,87.0
5304020,92.0
5304170,92.0
5304200,90.0
5304230,98.0
5304260,92.0
5304470,93.0
5304560,94.0
5304620,92.0
5304860,83.0
5304920,91.0
5304950,95.0
5304980,96.0
5305010,95.0
5305130,87.0
5305160,95.0
5305220,92.0
5305310,67.0
5305370,95.0
5305400,83.0
5305430,87.0
5305460,95.0
5305610,92.0
5305640,95.0
5305670,77.0
5305730,95.0
5305760,95.0
5305790,81.0
5305850,88.0
5305910,95.0
5305940,92.0
5306180,95.0
5306450,92.0
5306480,90.0
5306570,79.0
5306690,89.0
5306820,92.0
5306900,95.0
5306930,95.0
5306960,91.0
5307080,92.0
5307230,82.0
5307320,85.0
5307350,92.0
5307440,95.0
5307470,87.0
5307620,82.0
5307710,86.0
5307740,75.0
5307770,81.0
5307830,92.0
5307900,77.0
5307920,93.0
5308020,87.0
5308040,96.0
5308130,87.0
5308160,88.0
5308190,92.0
5308250,92.0
5308340,89.0
5308460,95.0
5308550,92.0
5308610,94.0
5308670,91.0
5308700,92.0
5308760,94.0
5308970,90.0
5309100,87.0
5309180,95.0
5309270,89.0
5309300,95.0
5309360,92.0
5309450,91.0
5309480,86.0
5309540,95.0
5309660,89.0
5309690,95.0
5309720,96.0
5309780,95.0
5309810,92.0
5310050,92.0
5310110,85.0
5310140,84.0
5400030,92.0
5400060,94.0
5400090,88.0
5400120,87.0
5400150,94.0
5400180,83.0
5400240,95.0
5400300,86.0
5400360,92.0
5400390,91.0
5400420,87.0
5400450,90.0
5400480,87.0
5400510,90.0
5400540,94.0
5400570,91.0
5400600,83.0
5400630,95.0
5400660,87.0
5400690,91.0
5400720,94.0
5400750,96.0
5400780,92.0
5400810,92.0
5400840,90.0
5400870,95.0
5400900,97.0
5400930,90.0
5400960,95.0
5400990,95.0
5401020,93.0
5401050,96.0
5401110,92.0
5401170,86.0
5401200,97.0
5401230,85.0
5401260,93.0
5401320,87.0
5401350,87.0
5401380,92.0
5401440,95.0
5401470,86.0
5401500,88.0
5401530,95.0
5401560,95.0
5401620,89.0
5401650,92.0
5500060,92.0
5500074,95.0
5500300,95.0
5500360,94.0
5500390,89.0
5500510,95.0
5500540,95.0
5500720,95.0
5500810,90.0
5500870,92.0
5500960,85.0
5501050,85.0
5501080,95.0
5501140,87.0
5501260,92.0
5501770,96.0
5501800,95.0
5501890,90.0
5502160,92.0
5502460,99.0
5502520,92.0
5502550,84.0
5502670,92.0
5502820,87.0
5503060,92.0
5503180,94.0
5503210,95.0
5503510,98.0
5503640,87.0
5503660,95.0
5503690,95.0
5503860,95.0
5504020,95.0
5504050,85.0
5504110,95.0
5504290,97.0
5504320,92.0
5504440,95.0
5504680,90.0
5504740,90.0
5504830,85.0
5504920,95.0
5504960,95.0
5505160,96.0
5505490,96.0
5505610,95.0
5505670,82.0
5505820,86.0
5505910,97.0
5505940,88.0
5506000,96.0
5506030,96.0
5506060,92.0
5506120,93.0
5506180,99.0
5506270,87.0
5506540,95.0
5506600,98.0
5506630,93.0
5506690,97.0
5507020,88.0
5507050,92.0
5507290,95.0
5507320,89.0
5507380,92.0
5507440,95.0
5507470,97.0
5507530,88.0
5507650,94.0
5507710,92.0
5508160,92.0
5508190,95.0
5508340,92.0
5508520,82.0
5508610,83.0
5508640,95.0
5508700,87.0
5508820,92.0
5508850,92.0
5508910,75.0
5508940,92.0
5509030,93.0
5509060,98.0
5509090,94.0
5509130,97.0
5509210,91.0
5509510,95.0
5509570,97.0
5509600,67.0
5509630,92.0
5509810,92.0
5509840,92.0
5509960,95.0
5509990,95.0
5510060,97.0
5510170,97.0
5510320,94.0
5510470,99.0
5510590,92.0
5510620,95.0
5510740,87.0
5510830,95.0
5510890,97.0
5510950,87.0
5511010,97.0
5511100,94.0
5511160,95.0
5511190,90.0
5511640,98.0
5511940,94.0
5512000,98.0
5512060,91.0
5512240,92.0
5512330,98.0
5512360,76.0
5512660,94.0
5512720,96.0
5512810,95.0
5513020,92.0
5513050,91.0
5513170,94.0
5513260,92.0
5513290,93.0
5513410,89.0
5513530,92.0
5513620,92.0
5513650,89.0
5513680,95.0
5513800,95.0
5513950,99.0
5514010,95.0
5514040,90.0
5514160,97.0
5514250,95.0
5514490,93.0
5514550,94.0
5514640,93.0
5514670,86.0
5514910,92.0
5514940,95.0
5515120,87.0
5515150,98.0
5515330,95.0
5515480,92.0
5515600,96.0
5515750,95.0
5515780,86.0
5515810,98.0
5515840,92.0
5515870,92.0
5515900,91.0
5515960,87.0
5515990,89.0
5516260,88.0
5516290,90.0
5516320,95.0
5516350,95.0
5516620,92.0
5516680,92.0
5516770,91.0
5516830,95.0
5517070,93.0
5517190,95.0
5600730,82.0
5601030,82.0
5601420,52.0
5601470,83.0
5601980,80.0
5602070,92.0
5602140,87.0
5602760,84.0
5602870,87.0
5602990,87.0
5604060,88.0
5604230,57.0
5604510,78.0
5605160,92.0
5605220,77.0
5605302,74.0
5605695,89.0
5605762,92.0
5605830,87.0
5900031,77.0
5900034,87.0
5900080,32.0
5900105,72.0
5900119,62.0
5900130,95.0
5900158,82.0
5900173,57.0
7200030,74.0
